Track Name,Artist(s) Name,Artist Count,Released Year,Released Month,In Spotify Playlists,Spotify Streams,In Apple Playlists,In Deezer Playlists,Deezer Genre
Seven (feat. Latto) (Explicit Ver.),"Latto, Jung Kook",2,2023,7,553,141381703,43,45,Asian Music
LALA,Myke Towers,1,2023,3,1474,133716286,48,58,Rap/Hip Hop
vampire,Olivia Rodrigo,1,2023,6,1397,140003974,94,91,Pop
Cruel Summer,Taylor Swift,1,2019,8,7858,800840817,116,125,Pop
WHERE SHE GOES,Bad Bunny,1,2023,5,3133,303236322,84,87,Latin Music
Sprinter,"Dave, Central Cee",2,2023,6,2186,183706234,67,88,Rap/Hip Hop
Ella Baila Sola,"Eslabon Armado, Peso Pluma",2,2023,3,3090,725980112,34,43,Traditional Mexicano
Columbia,Quevedo,1,2023,7,714,58149378,25,30,Reggaeton
fukumean,Gunna,1,2023,5,1096,95217315,60,48,Rap/Hip Hop
La Bebe - Remix,"Peso Pluma, Yng Lvcas",2,2023,3,2953,553634067,49,66,Rap/Hip Hop
un x100to,"Bad Bunny, Grupo Frontera",2,2023,4,2876,505671438,41,54,Cumbia
Super Shy,NewJeans,1,2023,7,422,58255150,37,21,Asian Music
Daylight,David Kushner,1,2023,4,3528,387570742,80,182,Pop
Kill Bill,SZA,1,2022,12,8109,1163093654,183,161,R&B
Cupid - Twin Ver.,Fifty Fifty,1,2023,2,2942,496795686,91,78,Asian Music
Classy 101,"Feid, Young Miko",2,2023,3,2610,335222234,43,54,Rap/Hip Hop
Like Crazy,Jimin,1,2023,3,596,363369738,8,23,Asian Music
SABOR FRESA,Fuerza Regida,1,2023,6,250,78300654,16,10,Traditional Mexicano
MOJABI GHOST,"Tainy, Bad Bunny",2,2023,6,859,61245289,35,41,Rap/Hip Hop
Last Night,Morgan Wallen,1,2023,1,2420,429829812,52,15,Country
Dance The Night (From Barbie The Album),Dua Lipa,1,2023,5,2988,127408954,0,143,Pop
Creepin',"The Weeknd, 21 Savage, Metro Boomin",3,2022,12,6036,843957510,113,245,Rap/Hip Hop
Anti-Hero,Taylor Swift,1,2022,10,9082,999748277,242,165,Pop
TQG,"Karol G, Shakira",2,2023,2,4284,618990393,115,184,Rap/Hip Hop
Blank Space,Taylor Swift,1,2014,1,11434,1355959075,154,410,Pop
Style,Taylor Swift,1,2014,1,7830,786181836,94,151,Pop
TQM,Fuerza Regida,1,2023,5,584,176553476,16,15,Traditional Mexicano
El Azul,"Junior H, Peso Pluma",2,2023,2,692,354495408,10,6,Latin Music
Sunflower - Spider-Man: Into the Spider-Verse,"Post Malone, Swae Lee",2,2018,10,24094,2808096550,372,843,Rap/Hip Hop
I'm Good (Blue),"Bebe Rexha, David Guetta",2,2022,8,12482,1109433169,291,537,Dance
See You Again,"Tyler, The Creator, Kali Uchis",3,2017,7,13387,1047101291,77,247,Rap/Hip Hop
Angels Like You,Miley Cyrus,1,2020,11,3372,570515054,65,138,Pop
Die For You,The Weeknd,1,2016,11,2483,1647990401,68,24,R&B
Starboy,"The Weeknd, Daft Punk",2,2016,9,29536,2565529693,281,2445,R&B
Die For You - Remix,"Ariana Grande, The Weeknd",2,2023,2,3408,518745108,87,74,R&B
El Cielo,"Feid, Myke Towers, Sky Rompiendo",3,2023,6,1298,107753850,44,57,Rap/Hip Hop
Baby Don't Hurt Me,"David Guetta, Anne-Marie, Coi Leray",3,2023,4,4277,177740666,145,213,Dance
AMARGURA,Karol G,1,2023,2,1133,153372011,14,23,Rap/Hip Hop
(It Goes Like) Nanana - Edit,Peggy Gou,1,2023,6,2259,57876440,0,109,Dance
Moonlight,Kali Uchis,1,2023,2,2649,256483385,67,57,R&B
La Bachata,Manuel Turizo,1,2022,5,6804,1214083358,139,161,Rap/Hip Hop
Boy's a liar Pt. 2,"PinkPantheress, Ice Spice",2,2023,2,5184,156338624,154,102,Pop
Left and Right (Feat. Jung Kook of BTS),"Charlie Puth, BTS, Jung Kook",3,2022,6,3107,720434240,38,4,Pop
BESO,"Rauw Alejandro, ROSALï¿½",2,2023,3,4053,357925728,82,182,Rap/Hip Hop
Hey Mor,"Ozuna, Feid",2,2022,10,4637,674072710,63,89,Reggaeton
Yellow,Chris Molitor,1,1999,1,31358,1755214421,196,4053,Rock
Karma,Taylor Swift,1,2022,10,3818,404562836,37,32,Pop
People,Libianca,1,2022,12,3506,373199958,105,169,African Music
Overdrive,Post Malone,1,2023,7,410,14780425,36,31,Pop
Enchanted (Taylor's Version),Taylor Swift,1,2023,7,148,39578178,32,8,Country
BABY HELLO,"Rauw Alejandro, Bizarrap",2,2023,6,1004,54266102,42,58,Latin Music
golden hour,JVKE,1,2022,7,4511,751134527,70,109,Pop
"Quevedo: Bzrp Music Sessions, Vol. 52","Bizarrap, Quevedo",2,2022,7,8506,1356565093,94,164,Rap/Hip Hop
Viva La Vida,Coldplay,1,2008,1,33898,1592909789,233,4095,Rock
Here With Me,d4vd,1,2022,7,3246,635412045,94,68,Alternative
Yandel 150,"Yandel, Feid",2,2022,12,3618,585695368,47,80,Reggaeton
Riptide,Vance Joy,1,1975,1,31123,2009094673,300,1003,Alternative
Until I Found You (with Em Beihold) - Em Beihold Version,"Em Beihold, Stephen Sanchez",2,2022,4,2790,600976848,60,71,Pop
Back To December (Taylor's Version),Taylor Swift,1,2023,7,139,39228929,16,5,Country
STAY (with Justin Bieber),"Justin Bieber, The Kid Laroi",2,2021,7,17050,2665343922,492,798,Pop
El Merengue,"Marshmello, Manuel Turizo",2,2023,3,2114,223633238,80,110,Pop
Me Porto Bonito,"Chencho Corleone, Bad Bunny",2,2022,5,8870,1440757818,104,141,Latin Music
Makeba,Jain,1,2015,6,6060,165484133,150,2703,Pop
MONTAGEM - FR PUNK,"Ayparia, unxbected",2,2012,6,641,58054811,1,8,Electro
Fast Car,Luke Combs,1,2023,3,1446,157058870,57,35,Country
What It Is (Solo Version),Doechii,1,2023,3,804,95131998,29,24,R&B
Coco Chanel,"Bad Bunny, Eladio Carrion",2,2023,3,1962,250305248,28,29,Latin Music
Still With You,Jung Kook,1,2020,6,31,38411956,2,8,Asian Music
All My Life (feat. J. Cole),"J. Cole, Lil Durk",2,2023,5,2175,144565150,69,69,Rap/Hip Hop
Say Yes To Heaven,Lana Del Rey,1,2023,3,2000,127567540,49,63,Alternative
Snooze,SZA,1,2022,12,2839,399686758,58,42,R&B
Summertime Sadness,Lana Del Rey,1,2011,1,20333,983637508,89,1632,Alternative
Take Two,BTS,1,2023,6,674,118482347,20,25,Asian Music
Lover,Taylor Swift,1,2012,1,8448,882831184,160,163,Pop
Chemical,Post Malone,1,2023,4,2528,172825906,56,59,Pop
Mockingbird,Eminem,1,2004,1,12985,1241559043,49,2394,Pop
New Jeans,NewJeans,1,2023,7,77,29562220,8,4,Asian Music
Primera Cita,Carin Leon,1,2022,4,266,77309611,6,6,Latin Music
Cold Heart - PNAU Remix,"Dua Lipa, Elton John, Pnau",3,2017,11,21097,1605224506,384,1034,Pop
Dandelions,Ruth B.,1,2017,4,3423,1116995633,41,59,Singer & Songwriter
Bones,Imagine Dragons,1,2021,3,4198,838079900,98,327,Alternative
Set Fire to the Rain,Adele,1,2011,1,14739,1163620694,88,2163,Pop
Money Trees,"Kendrick Lamar, Jay Rock",2,2012,1,26792,1093605526,69,695,Pop
Tak Segampang Itu,Anggi Marito,1,2022,12,213,179659294,7,0,Pop
Mine (Taylor's Version),Taylor Swift,1,2023,7,99,36912123,21,6,Country
Everybody Wants To Rule The World,Tears For Fears,1,1985,2,41751,1205951614,101,2655,Rock
No Role Modelz,J. Cole,1,2014,12,21164,1791000570,80,476,Rap/Hip Hop
Tattoo,Loreen,1,2023,2,2988,201660859,74,145,Pop
Rara Vez,"Taiu, Milo j",2,2023,2,893,248088961,19,24,Rap/Hip Hop
VAGABUNDO,"Sebastian Yatra, Manuel Turizo, Beï¿½ï",3,2023,5,1094,90839753,40,47,Pop
august,Taylor Swift,1,2020,7,7324,607123776,25,61,Alternative
LUNA,"Junior H, Peso Pluma",2,2023,6,201,55842345,19,8,Rap/Hip Hop
Nonsense,Sabrina Carpenter,1,2022,7,2346,342897938,69,38,Pop
Que Vuelvas,"Carin Leon, Grupo Frontera",2,2022,12,763,2762,21,21,Traditional Mexicano
Can't Hold Us (feat. Ray Dalton),"Ray Dalton, Ryan Lewis, Macklemore",3,2011,8,6074,1953533826,201,6551,Rap/Hip Hop
lovely - Bonus Track,"Billie Eilish, Khalid",2,2017,8,15032,2355719893,221,1078,Classical
"Rauw Alejandro: Bzrp Music Sessions, Vol. 56","Rauw Alejandro, Bizarrap",2,2023,6,871,66902503,25,32,Latin Music
Queencard,(G)I-DLE,1,2023,5,451,96273746,10,7,Asian Music
OMG,NewJeans,1,2023,1,1783,430977451,26,15,Asian Music
Radio,Lana Del Rey,1,2011,1,9389,284819874,24,282,Rock
"Shakira: Bzrp Music Sessions, Vol. 53","Shakira, Bizarrap",2,2023,1,5724,721975598,119,254,Latin Music
"Tere Vaaste (From ""Zara Hatke Zara Bachke"")","Sachin-Jigar, Shadab Faridi, Altamash Faridi, Amitabh Bhattacharya, Varun Jain",5,2023,5,182,54225632,3,1,Asian Music
Perfect,Ed Sheeran,1,2017,1,16596,2559529074,7,2094,Pop
Romantic Homicide,d4vd,1,2022,7,2335,681583126,82,50,Alternative
Believer,Imagine Dragons,1,2017,1,18986,2594040133,250,2969,Alternative
"Gol Bolinha, Gol Quadrado 2","Mc Pedrinho, DJ 900",2,2023,6,293,11956641,5,30,Brazilian Music
Without Me,Eminem,1,2002,1,21081,1687664027,98,3889,Rap/Hip Hop
Stargirl Interlude,"The Weeknd, Lana Del Rey",2,2016,11,1275,611700552,13,5,R&B
Ojitos Lindos,"Bomba Estï¿½ï¿½reo, Bad B",2,2022,5,6135,1133865788,71,99,Latin Music
Somewhere Only We Know,Keane,1,2004,1,20015,1089402494,107,5239,Pop
Those Eyes,New West,1,2019,5,1507,411747614,24,44,Alternative
El Gordo Trae El Mando,Chino Pacas,1,2023,1,539,255932395,7,4,Traditional Mexicano
Mi Bello Angel,Natanael Cano,1,2023,6,86,31873544,7,3,Traditional Mexicano
Nosso Quadro,"Ana Castela, AgroPlay",2,2023,2,894,233801632,14,66,Brazilian Music
Locked Out Of Heaven,Bruno Mars,1,2012,12,1622,1481349984,0,356,Pop
Un Finde | CROSSOVER #2,"Big One, FMK, Ke personajes",3,2023,4,561,142095275,4,12,Latin Music
Counting Stars,OneRepublic,1,2013,1,29215,2011464183,179,3394,Pop
One Dance,"Drake, WizKid, Kyla",3,2016,4,43257,2713922350,433,3631,Rap/Hip Hop
Enchanted,Taylor Swift,1,2010,1,4564,621660989,24,113,Country
Sure Thing,Miguel,1,2010,5,13801,950906471,137,435,R&B
Every Breath You Take - Remastered 2003,The Police,1,1983,1,22439,1593270737,211,929,Rock
The Night We Met,Lord Huron,1,2015,2,18515,1410088830,70,939,Alternative
We Found Love,"Rihanna, Calvin Harris",2,2011,1,36843,1235005533,321,4607,Pop
Let Me Down Slowly,Alec Benjamin,1,2018,5,5897,1374581173,0,885,Pop
"Am I Dreaming (Metro Boomin & A$AP Rocky, Roisee)","A$AP Rocky, Metro Boomin, Roisee",3,2023,6,727,94186466,17,28,Rap/Hip Hop
Do I Wanna Know?,Arctic Monkeys,1,2013,1,33783,1788326445,133,2733,Alternative
Demons,Imagine Dragons,1,2012,1,26694,1840364617,65,3425,Rap/Hip Hop
ýýýýýýýýýýýý,YOASOBI,1,2023,4,356,143573775,35,8,Electro
Reminder,The Weeknd,1,2016,11,6518,684675814,45,238,R&B
Shake It Off,Taylor Swift,1,2014,1,21335,1113838873,328,1378,Singer & Songwriter
Why'd You Only Call Me When You're High?,Arctic Monkeys,1,2013,1,23389,1267333350,54,1089,Alternative
Shape of You,Ed Sheeran,1,2017,1,32181,3562543890,33,6808,Pop
Creep,Radiohead,1,1992,9,36724,1271293243,146,6807,Alternative
Car's Outside,James Arthur,1,2019,10,794,265882712,38,61,Pop
Apocalypse,Cigarettes After Sex,1,2017,3,13091,841749534,61,790,Alternative
Cheques,Shubh,1,2023,5,67,47956378,7,0,Rap/Hip Hop
Pink + White,Frank Ocean,1,2016,8,21574,806397070,112,266,Pop
Just The Way You Are,Bruno Mars,1,2010,1,21106,1641426668,82,2946,Rock
Take Me To Church,Hozier,1,2013,9,23804,2135158446,187,4623,Alternative
Bebe Dame,"Fuerza Regida, Grupo Frontera",2,2022,12,849,367316268,27,21,Traditional Mexicano
Titi Me Preguntï¿,Bad Bunny,1,2022,5,9037,1264310836,124,139,Latin Music
Better Than Revenge (Taylor's Version),Taylor Swift,1,2023,7,86,30343206,3,3,Country
Shut up My Moms Calling,Hotel Ugly,1,2020,2,1788,405136812,1,19,R&B
Es un Secreto,Plan B,1,2010,7,492,540654286,4,19,Reggaeton
POLARIS - Remix,"Feid, Mora, Saiko, Quevedo",4,2023,6,773,57312735,20,21,Latin Music
Ditto,NewJeans,1,2022,12,1154,397582059,28,11,Asian Music
Take On Me,a-ha,1,1984,10,44927,1479115056,34,5108,Pop
"Annihilate (Spider-Man: Across the Spider-Verse) (Metro Boomin & Swae Lee, Lil Wayne, Offset)","Swae Lee, Lil Wayne, Offset, Metro Boomin",4,2023,6,551,86773632,13,20,Rap/Hip Hop
"Angel Pt 1 (feat. Jimin of BTS, JVKE & Muni Long)","Kodak Black, NLE Choppa, Muni Long, JVKE, Jimin",5,2023,5,577,133753727,22,15,Rap/Hip Hop
AMG,"Natanael Cano, Gabito Ballesteros, Peso Pluma",3,2022,11,995,463564958,12,9,Rap/Hip Hop
"Phir Aur Kya Chahiye (From ""Zara Hatke Zara Bachke"")","Arijit Singh, Sachin-Jigar, Amitabha Bhattacharya",3,2023,5,178,64533040,6,1,Asian Music
S-Class,Stray Kids,1,2023,6,290,65496046,9,5,Asian Music
Hits Different,Taylor Swift,1,2023,5,547,68616963,15,6,Pop
Chanel,"Becky G, Peso Pluma",2,2023,3,681,161460990,15,21,Traditional Mexicano
Self Love (Spider-Man: Across the Spider-Verse) (Metro Boomin & Coi Leray),"Metro Boomin, Coi Leray",2,2023,6,332,70106975,18,5,Rap/Hip Hop
Area Codes,"Kaliii, Kaliii",2,2023,3,1197,113509496,44,25,Rap/Hip Hop
Abcdario,"Junior H, Eden Muï¿½ï",2,2023,5,262,89933133,8,4,Latin Music
Obsessed,"Abhijay Sharma, Riar Saab",2,2022,9,161,71007139,10,2,Dance
FLOWER,JISOO,1,2023,3,839,232896922,20,20,Asian Music
"All The Way Live (Spider-Man: Across the Spider-Verse) (Metro Boomin & Future, Lil Uzi Vert)","Future, Lil Uzi Vert, Metro Boomin",3,2023,6,259,37126685,5,5,Rap/Hip Hop
Eyes Closed,Ed Sheeran,1,2023,3,2915,195576623,116,107,Pop
Escapism.,"RAYE, 070 Shake",2,2022,10,5129,532336353,116,114,Pop
La Jumpa,"Arcangel, Bad Bunny",2,2022,11,3794,538115192,47,53,Latin Music
CHORRITO PA LAS ANIMAS,Feid,1,2022,12,2321,345031710,29,34,Rap/Hip Hop
Ch y la Pizza,"Fuerza Regida, Natanael Cano",2,2022,12,536,288101651,10,8,Traditional Mexicano
Snow On The Beach (feat. More Lana Del Rey),"Lana Del Rey, Taylor Swift",2,2023,5,359,60350538,1,9,Pop
Players,Coi Leray,1,2022,11,4096,335074782,118,143,Rap/Hip Hop
Bite Me,ENHYPEN,1,2023,5,349,76767396,8,5,Asian Music
Stand By Me (feat. Morgan Wallen),"Lil Durk, Morgan Wallen",2,2023,5,381,46065667,23,6,Rap/Hip Hop
Normal,Feid,1,2022,7,2461,459276435,47,45,Rap/Hip Hop
Hummingbird (Metro Boomin & James Blake),"James Blake, Metro Boomin",2,2023,6,277,39666245,1,5,Rap/Hip Hop
Seu Brilho Sumiu - Ao Vivo,"Israel & Rodolffo, Mari Fernandez",2,2023,3,967,138517666,7,51,Brazilian Music
Bad Habit,Steve Lacy,1,2022,6,8186,822633917,155,131,Pop
CUFF IT,Beyoncï¿,1,2022,7,7842,595900742,215,330,Pop
69,"Nicky Jam, Feid",2,2023,5,1134,57945987,39,48,Rap/Hip Hop
Search & Rescue,Drake,1,2023,4,2066,175097833,58,43,Rap/Hip Hop
AMERICA HAS A PROBLEM (feat. Kendrick Lamar),"Kendrick Lamar, Beyoncï¿",2,2023,5,896,57089066,34,33,Pop
Lavender Haze,Taylor Swift,1,2022,10,3763,488386797,51,38,Pop
Efecto,Bad Bunny,1,2022,5,4004,1047480053,34,43,Latin Music
Erro Gostoso - Ao Vivo,Simone Mendes,1,2023,1,984,153454328,8,76,Brazilian Music
Cupido,Tini,1,2023,2,1240,217672943,51,63,Pop
Just Wanna Rock,Lil Uzi Vert,1,2022,10,3995,457184829,72,47,Rap/Hip Hop
Until I Found You,Stephen Sanchez,1,2021,9,4427,726434358,69,154,Singer & Songwriter
Rich Flex,"Drake, 21 Savage",2,2022,11,4657,573633020,84,42,Rap/Hip Hop
Easy On Me,Adele,1,2021,10,10195,1406111294,258,657,Pop
Danger (Spider) (Offset & JID),"Offset, JID",2,2023,6,214,24975653,3,6,Rap/Hip Hop
Oi Balde - Ao Vivo,Zï¿½ï¿½ Neto & Crist,1,2023,2,845,145458418,12,47,Brazilian Music
The Real Slim Shady,Eminem,1,2000,1,20763,1424589568,81,3271,Rap/Hip Hop
MERCHO,"Migrantes, LiL CaKe, Nico Valdi",3,2022,12,1267,231332117,41,56,Rap/Hip Hop
The Color Violet,Tory Lanez,1,2021,12,2585,415932686,3,21,R&B
Glimpse of Us,Joji,1,2022,6,6330,988515741,109,158,Alternative
Mejor Que Yo,"Mambo Kingz, DJ Luian, Anuel Aa",3,2023,5,675,50847624,9,11,Reggaeton
Curtains,Ed Sheeran,1,2023,5,715,39893489,37,27,Pop
UNFORGIVEN (feat. Nile Rodgers),"Nile Rodgers, LE SSERAFIM",2,2023,5,327,92035115,14,9,Asian Music
Haegeum,Agust D,1,2023,4,244,118810253,6,10,Asian Music
Never Felt So Alone,Labrinth,1,2023,4,1730,117747907,46,51,Alternative
X SI VOLVEMOS,"Karol G, Romeo Santos",2,2023,2,2127,266624541,45,53,Rap/Hip Hop
ceilings,Lizzy McAlpine,1,2022,4,3242,293186992,67,48,Alternative
Cupid,Fifty Fifty,1,2023,2,526,139681964,15,30,Asian Music
I AM,IVE,1,2023,4,366,123132751,16,7,Kids
Shorty Party,"Cartel De Santa, La Kelly",2,2023,3,432,162887075,8,12,Rap/Hip Hop
Super,SEVENTEEN,1,2023,4,271,91221625,16,9,Asian Music
Slut Me Out,NLE Choppa,1,2022,4,816,190490915,21,13,Rap/Hip Hop
Double Fantasy (with Future),"The Weeknd, Future",2,2023,4,1169,96180277,36,28,Rap/Hip Hop
All Of The Girls You Loved Before,Taylor Swift,1,2019,8,1282,185240616,26,19,Pop
PROVENZA,Karol G,1,2022,4,6587,885093467,114,147,Rap/Hip Hop
Di Que Si,"Grupo Marca Registrada, Grupo Frontera",2,2023,2,356,147290338,4,4,Traditional Mexicano
Igualito a Mi Apï¿,"Fuerza Regida, Peso Pluma",2,2022,12,265,158950978,8,5,Traditional Mexicano
Komang,Raim Laode,1,2022,8,158,137123880,5,1,Alternative
DESPECHï¿,ROSALï¿½,1,2022,7,7613,782369383,180,422,Pop
Made You Look,Meghan Trainor,1,2022,10,3956,502574952,142,127,Pop
Watch This - ARIZONATEARS Pluggnb Remix,"sped up nightcore, ARIZONATEARS, Lil Uzi Vert",3,2023,2,1638,207033255,0,21,Rap/Hip Hop
Punto G,Quevedo,1,2022,11,1985,381161027,34,37,Reggaeton
Lovers Rock,TV Girl,1,2014,6,6339,466231982,3,36,Pop
METAMORPHOSIS,INTERWORLD,1,2021,11,1561,357580552,18,24,Electro
Mami Chula,"Quevedo, Jhayco",2,2023,4,875,61105704,17,27,Rap/Hip Hop
En Paris,"El Chachito, Junior H",2,2022,12,406,198275403,3,2,Latin Music
I Was Never There,"The Weeknd, Gesaffelstein",2,2018,3,4188,705469769,30,142,R&B
Don't ever say love me (feat. RM of BTS),"RM, Colde",2,2023,5,105,34502215,5,5,R&B
Gato de Noche,"Nengo Flow, Bad Bunny",2,2022,12,2651,304118600,21,32,Reggaeton
Call Out My Name,The Weeknd,1,2018,3,11087,1449799467,151,801,R&B
Like Crazy (English Version),Jimin,1,2023,3,373,173627354,4,5,Asian Music
Rosa Pastel,"Jasiel Nuï¿½ï¿½ez, Peso P",2,2023,2,200,90025258,8,2,Pop
Sunroof,"Nicky Youre, Dazy",2,2021,12,3741,652704649,156,110,Pop
Lose Yourself - Soundtrack Version,Eminem,1,2002,1,32502,1829992958,247,5567,Rap/Hip Hop
Superman,"Eminem, Dina Rae",2,2002,5,7615,655466831,18,1005,Rap/Hip Hop
Mas Rica Que Ayer,"Mambo Kingz, DJ Luian, Anuel Aa",3,2023,3,1208,146409671,10,20,Reggaeton
People Pt.2 (feat. IU),"IU, Agust D",2,2023,4,209,95816024,4,11,Asian Music
REMIX EXCLUSIVO,Feid,1,2023,3,1235,117206995,20,15,Rap/Hip Hop
DOGTOOTH,"Tyler, The Creator",2,2023,3,1479,80758350,23,18,Rap/Hip Hop
10:35,"Tiï¿½ï¿½sto, Tate M",2,2022,11,4942,325592432,190,147,Dance
SORRY NOT SORRY,"Tyler, The Creator",2,2023,3,709,58473276,8,13,Pop
HAPPY,NF,1,2023,3,660,52722996,22,11,Rap/Hip Hop
La Bebe,Yng Lvcas,1,2021,12,489,191945597,4,5,Latin Music
I Know - PR1SVX Edit,"Kanii, PR1ISVX",2,2023,3,407,77377503,16,5,Dance
Late Night Talking,Harry Styles,1,2022,5,7461,743693613,166,199,Pop
Something in the Orange,Zach Bryan,1,2022,4,3282,449701773,67,46,Country
VOID,Melanie Martinez,1,2023,3,596,67070410,29,12,Alternative
Dijeron Que No La Iba Lograr,"Fuerza Regida, Chino Pacas",2,2023,3,320,116334601,5,2,Traditional Mexicano
If We Ever Broke Up,Mae Stephens,1,2023,2,2040,165584767,81,66,Pop
You Proof,Morgan Wallen,1,2022,5,2128,367814306,37,9,Country
LA INOCENTE,"Feid, Mora",2,2022,4,2598,477033549,28,43,Latin Music
Malas Decisiones,Kenia OS,1,2022,10,542,156214700,23,21,Pop
Murder In My Mind,Kordhell,1,2022,1,2459,448843705,20,50,Electro
CAIRO,"Karol G, Ovy On The Drums",2,2022,11,2418,294352144,52,55,Rap/Hip Hop
I Love You So,The Walters,1,2014,11,7536,972164968,44,135,Alternative
Dark Red,Steve Lacy,1,2017,2,10431,920045682,71,181,R&B
Say You Won't Let Go,James Arthur,1,2016,9,15722,2420461338,231,1509,Pop
Heart To Heart,Mac DeMarco,1,2019,5,1640,244658767,27,29,Alternative
Peaches (from The Super Mario Bros. Movie),Jack Black,1,2023,4,34,68216992,0,0,Latin Music
Marisola - Remix,"Duki, NICKI NICOLE, Cris Mj, Standly, Stars Music Chile",5,2022,12,1845,223582566,20,30,Reggaeton
LOKERA,"Brray, Rauw Alejandro, Lyanno",3,2022,7,3301,471819764,72,64,Rap/Hip Hop
Numb,Linkin Park,1,2003,3,20111,1361425037,39,7341,Dance
on the street (with J. Cole),"j-hope, J. Cole",2,2023,3,615,116599790,22,8,Asian Music
One Thing At A Time,Morgan Wallen,1,2022,12,811,148469433,11,5,Country
Miss You,"Robin Schulz, Oliver Tree",2,2022,8,5730,497225336,108,197,Dance
Private Landing (feat. Justin Bieber & Future),"Don Toliver, Future, Justin Bieber",3,2023,2,1190,105062254,29,18,Rap/Hip Hop
Everything I Love,Morgan Wallen,1,2023,1,579,95623148,11,0,Country
Heaven,Niall Horan,1,2023,2,1553,144584800,61,48,Dance
LET GO,Central Cee,1,2022,12,2301,298063749,49,110,Rap/Hip Hop
Sial,Mahalini,1,2023,1,134,166570053,4,0,Asian Music
I Wrote The Book,Morgan Wallen,1,2023,1,430,83021468,15,0,Country
"Apna Bana Le (From ""Bhediya"")","Arijit Singh, Sachin-Jigar",2,2022,11,86,139836056,11,0,Films/Games
Red Ruby Da Sleeze,Nicki Minaj,1,2023,3,1168,81419389,45,20,Rap/Hip Hop
Kahani Suno 2.0,Kaifi Khalil,1,2022,5,162,156777415,1,1,R&B
Nobody Gets Me,SZA,1,2022,12,2536,284908316,59,58,R&B
PERO Tï¿,"Karol G, Quevedo",2,2023,2,387,93438910,11,14,Rap/Hip Hop
Hype Boy,NewJeans,1,2022,8,892,363472647,20,12,Asian Music
Bloody Mary,Lady Gaga,1,2011,1,3909,372476382,66,277,Dance
WANDA,Quevedo,1,2023,1,888,175399345,11,7,Reggaeton
Thought You Should Know,Morgan Wallen,1,2022,5,968,203221468,16,1,Country
In The End,Linkin Park,1,2000,10,25065,1624165576,63,6808,Alternative
Zona De Perigo,Leo Santana,1,2022,12,531,134294498,20,71,Brazilian Music
Lovezinho,Treyce,1,2022,7,242,70069745,12,13,Soul & Funk
I Like You (A Happier Song) (with Doja Cat),"Post Malone, Doja Cat",2,2022,6,5281,609293408,94,80,Pop
Neverita,Bad Bunny,1,2022,5,2590,671365962,20,35,Latin Music
Enemy (with JID) - from the series Arcane League of Legends,"Imagine Dragons, League of Legends, JID, Arcane",4,2021,9,6180,1223481149,122,580,Pop
Revenge,XXXTENTACION,1,2017,8,3600,1022258230,7,203,Rap/Hip Hop
Bombonzinho - Ao Vivo,"Israel & Rodolffo, Ana Castela",2,2022,11,1254,263453310,26,73,Brazilian Music
Love Again,The Kid Laroi,1,2023,1,1283,147538971,57,48,Pop
After Hours,The Weeknd,1,2020,2,8084,698086140,45,218,R&B
About Damn Time,Lizzo,1,2022,7,2332,723894473,0,25,Pop
Besos Moja2,"Wisin & Yandel, ROSALï¿½",2,2022,9,2460,309483971,53,56,Rap/Hip Hop
Maan Meri Jaan,King,1,2022,10,288,319566866,11,1,Pop
Moscow Mule,Bad Bunny,1,2022,5,4572,909001996,74,85,Latin Music
My Universe,"Coldplay, BTS",2,2021,9,6127,1061966512,0,0,Alternative
LLYLM,ROSALï¿½,1,2023,1,1838,124988687,105,114,Pop
TRUSTFALL,P!nk,1,2023,1,2098,134255790,88,101,Pop
ANTIFRAGILE,LE SSERAFIM,1,2022,10,761,301051721,23,11,Asian Music
Boy's a liar,PinkPantheress,1,2022,11,1225,156338624,27,28,Pop
Shirt,SZA,1,2022,10,3469,309653982,71,31,Pop
Lift Me Up - From Black Panther: Wakanda Forever - Music From and Inspired By,Rihanna,1,2022,10,3311,297328960,129,212,Pop
STAR WALKIN' (League of Legends Worlds Anthem),Lil Nas X,1,2022,9,2616,332506354,113,208,Pop
"Sex, Drugs, Etc.",Beach Weather,1,2016,11,3006,480507035,47,87,Alternative
Boy With Luv (feat. Halsey),"Halsey, BTS",2,2019,4,4260,1065580332,113,259,Asian Music
"Hey, Mickey!",Baby Tate,1,2016,9,482,122763672,9,12,Rap/Hip Hop
Jhoome Jo Pathaan,"Arijit Singh, Vishal Dadlani, Sukriti Kakar, Vishal-Shekhar, Shekhar Ravjiani, Kumaar",6,2022,12,138,1365184,13,2,Asian Music
Escapism. - Sped Up,"RAYE, 070 Shake",2,2022,11,1368,184308753,12,11,Pop
Te Felicito,"Shakira, Rauw Alejandro",2,2022,4,4796,606361689,124,212,Pop
TV,Billie Eilish,1,2022,7,3009,338564981,68,65,Alternative
I'm Not The Only One,Sam Smith,1,2014,1,17492,1606986953,136,1959,Pop
Heather,Conan Gray,1,2020,3,6170,1301799902,82,231,Pop
"Besharam Rang (From ""Pathaan"")","Vishal-Shekhar, Shilpa Rao, Caralisa Monteiro, Kumaar, Vishal Dadlani, Shekhar Ravjiani",6,2022,12,130,140187018,21,2,Asian Music
Sugar Rush Ride,TOMORROW X TOGETHER,1,2023,1,359,107642809,12,13,Asian Music
WAIT FOR U (feat. Drake & Tems),"Drake, Future, Tems",3,2022,4,5491,556585270,128,75,Rap/Hip Hop
Don't Start Now,Dua Lipa,1,2019,10,27119,2303033973,532,1535,Pop
After Dark,Mr.Kitty,1,2014,8,1776,646886885,1,3,Alternative
MIDDLE OF THE NIGHT,Elley Duhï¿,1,2020,1,4057,872137015,78,240,Pop
Atlantis,Seafret,1,2015,4,3045,571386359,43,134,Alternative
Evoque Prata,"DJ Escobar, MC MENOR SG, MC MENOR HR",3,2022,9,852,174006928,14,50,Soul & Funk
How Do I Say Goodbye,Dean Lewis,1,2022,8,2163,284785823,72,58,Singer & Songwriter
Blind,SZA,1,2022,12,1484,163284000,22,12,Rock
Die For You,Joji,1,2022,11,1703,246390068,38,36,R&B
Doja,Central Cee,1,2022,7,4169,482257456,57,183,Rap/Hip Hop
Gatita,Bellakath,1,2022,10,1054,168684524,9,15,Latin Music
Rumble,"Skrillex, Flowdan, Fred again..",3,2022,1,2849,78489819,39,27,Electro
Yonaguni,Bad Bunny,1,2021,6,9644,1260594497,120,164,Reggaeton
Super Freaky Girl,Nicki Minaj,1,2022,8,4827,428685680,104,76,Rap/Hip Hop
Running Up That Hill (A Deal With God),Kate Bush,1,1985,9,21811,1024858327,117,676,Pop
Dream On,Aerosmith,1,1973,1,168,838586769,0,5,Rock
Limbo,Freddie Dredd,1,2022,8,688,199386237,14,17,Rap/Hip Hop
Where Are You Now,"Lost Frequencies, Calum Scott",2,2021,7,10565,972509632,238,557,Electro
WORTH NOTHING,"Twisted, Oliver Tree",2,2022,9,1612,213438580,34,34,Electro
KICK BACK,Kenshi Yonezu,1,2022,10,574,210038833,38,26,Asian Music
Good Days,SZA,1,2020,12,10426,826623384,133,182,Pop
Levitating (feat. DaBaby),"Dua Lipa, DaBaby",2,2020,3,15894,1802514301,198,544,Pop
Shut up My Moms Calling - (Sped Up),Hotel Ugly,1,2022,9,713,181831132,2,6,R&B
Ferrari,"James Hype, Miggy Dela Rosa",2,2022,3,7758,462791599,173,175,Dance
"You're On Your Own, Kid",Taylor Swift,1,2022,10,2537,348647203,8,20,Pop
Let It Snow! Let It Snow! Let It Snow!,Dean Martin,1,1959,11,6512,446390129,88,277,Pop
Underneath the Tree,Kelly Clarkson,1,2013,10,6596,485285717,144,251,Pop
Feliz Navidad,Josï¿½ï¿½ Felic,1,1970,11,3788,520034544,21,10,Classical
Seek & Destroy,SZA,1,2022,12,1007,98709329,5,1,R&B
Love Language,SZA,1,2022,12,1127,110849052,16,8,R&B
Happy Xmas (War Is Over),"John Lennon, The Harlem Community Choir, The Plastic Ono Band, Yoko Ono",4,1971,12,10829,460492795,130,390,Rock
Used (feat. Don Toliver),"SZA, Don Toliver",2,2022,12,1042,94005786,7,3,R&B
Wonderful Christmastime - Edited Version / Remastered 2011,Paul McCartney,1,1979,11,1685,403939487,1,29,Pop
Ghost in the Machine (feat. Phoebe Bridgers),"SZA, Phoebe Bridgers",2,2022,12,1634,110073250,16,4,R&B
Merry Christmas Everyone,Shakin' Stevens,1,1984,1,1087,351636786,90,5,Pop
Let It Snow! Let It Snow! Let It Snow!,"Frank Sinatra, B. Swanson Quartet",2,1950,1,10585,473248298,126,406,Pop
SOS,SZA,1,2022,12,827,73981293,6,1,Pop
Open Arms (feat. Travis Scott),"SZA, Travis Scott",2,2022,12,1420,155653938,13,17,R&B
Gone Girl,SZA,1,2022,12,892,65362788,3,2,R&B
F2F,SZA,1,2022,12,989,67540165,5,1,R&B
Notice Me,SZA,1,2022,12,819,62019074,14,0,R&B
Wild Flower (with youjeen),RM,1,2022,12,353,135611421,2,14,Asian Music
I Hate U,SZA,1,2021,12,4094,356709897,66,43,R&B
Smoking on my Ex Pack,SZA,1,2022,12,811,57144458,6,3,R&B
Conceited,SZA,1,2022,12,899,56870689,2,2,Pop
Snow On The Beach (feat. Lana Del Rey),"Taylor Swift, Lana Del Rey",2,2022,10,2415,323437194,33,30,Pop
Maroon,Taylor Swift,1,2022,10,2304,317726339,12,14,Pop
Bejeweled,Taylor Swift,1,2022,10,2699,328207708,39,22,Pop
Tarot,"Bad Bunny, Jhay Cortez",2,2022,5,2482,608228647,27,22,Latin Music
You Make It Feel Like Christmas (feat. Blake Shelton),"Gwen Stefani, Blake Shelton",2,2005,9,2577,180577478,108,30,Electro
Desesperados,"Chencho Corleone, Rauw Alejandro",2,2021,6,6821,809306935,83,128,African Music
Too Late,SZA,1,2022,12,714,49262961,0,2,R&B
Party,"Bad Bunny, Rauw Alejandro",2,2022,5,3185,614555082,38,37,Latin Music
Far,SZA,1,2022,12,680,51641685,2,1,R&B
Is There Someone Else?,The Weeknd,1,2022,1,2881,391251368,13,34,R&B
Fingers Crossed,"Lauren Spencer Smith, Lauren Spencer Smith, Lauren Spencer Smith",3,2022,1,2235,349585590,65,70,Pop
Do It To It,"Cherish, ACRAZE",2,2021,8,12403,674772936,183,465,Dance
How Do I Make You Love Me?,The Weeknd,1,2022,1,1915,119238316,7,15,R&B
Gasoline,The Weeknd,1,2022,1,2297,116903579,11,14,Rock
Infinity,Jaymes Young,1,2017,6,4375,888046992,24,396,Alternative
Best Friends,The Weeknd,1,2022,1,1292,101114984,3,14,R&B
Kiss Me More (feat. SZA),"SZA, Doja Cat",2,2021,4,15867,1575467011,382,497,Pop
Dawn FM,The Weeknd,1,2022,1,811,53933526,1,6,R&B
Surface Pressure,Jessica Darrow,1,2021,11,1756,267758538,38,20,Films/Games
Starry Eyes,The Weeknd,1,2022,1,1014,74601456,1,11,R&B
THATS WHAT I WANT,Lil Nas X,1,2021,9,7963,920797189,173,298,Pop
Beggin,Mï¿½ï¿½ne,1,2017,12,8559,1367810478,183,964,Pop
Mon Amour - Remix,"Aitana, zzoilo",2,2020,9,3221,578207856,67,139,Christian
The Motto,"Tiï¿½ï¿½sto, Ava",2,2021,11,9151,656013912,240,268,Pop
Oh My God,Adele,1,2021,11,4431,466214729,105,199,Pop
Entre Nosotros (Remix) [con Nicki Nicole],"Lit Killah, Maria Becerra, Tiago pzk, NICKI NICOLE",4,2022,1,759,236940480,32,12,Rap/Hip Hop
A Tale By Quincy,The Weeknd,1,2022,1,733,41924466,0,2,R&B
I AM WOMAN,Emmy Meli,1,2021,11,2795,225259194,45,107,Pop
Medallo,"Justin Quiles, Lenny Tavï¿½ï¿½rez, BL",3,2021,10,2780,393230256,54,57,Rap/Hip Hop
It'll Be Okay,Shawn Mendes,1,2021,12,1950,287201015,56,104,Pop
Softcore,The Neighbourhood,1,2018,3,3947,599770206,33,93,Alternative
Super Gremlin,Kodak Black,1,2021,10,2551,342779426,52,35,Rap/Hip Hop
Volvï¿,"Aventura, Bad Bunny",2,2021,8,5375,673801126,138,133,Reggaeton
Todo De Ti,Rauw Alejandro,1,2020,11,11975,1168642797,188,268,Dance
Smokin Out The Window,"Bruno Mars, Anderson .Paak, Silk Sonic",3,2021,11,4963,383550148,63,76,Pop
Meet Me At Our Spot,"THE ANXIETY, Willow, Tyler Cole",3,2020,3,6734,530511203,47,90,Alternative
Tacones Rojos,Sebastian Yatra,1,2021,10,3047,510876816,77,85,Pop
Dakiti,"Bad Bunny, Jhay Cortez",2,2020,10,11215,1763363713,189,525,Latin Music
"Tiago PZK: Bzrp Music Sessions, Vol. 48","Bizarrap, Tiago pzk",2,2021,12,1678,374191487,20,15,Reggaeton
Butter,BTS,1,2021,5,4779,1143647827,180,223,Asian Music
pushin P (feat. Young Thug),"Young Thug, Future, Gunna",3,2022,1,3517,311395144,54,43,Rap/Hip Hop
You Right,"Doja Cat, The Weeknd",2,2021,6,5073,672656250,83,100,Pop
deja vu,Olivia Rodrigo,1,2021,4,7545,1256880657,117,141,Pop
TO THE MOON,Jnr Choi,1,2021,11,2979,245095641,44,159,Rap/Hip Hop
Lost in the Fire,"The Weeknd, Gesaffelstein",2,2019,1,7731,686734357,110,447,Electro
Volando - Remix,"Sech, Bad Bunny, Mora",3,2021,7,3272,610045621,101,70,Latin Music
Leave The Door Open,"Bruno Mars, Anderson .Paak, Silk Sonic",3,2021,3,14417,1115880852,237,569,Pop
Don't Be Shy,"Tiï¿½ï¿½sto, Kar",2,2021,8,6026,566954746,171,187,Dance
The Family Madrigal,"Olga Merediz, Stephanie Beatriz, Encanto - Cast",3,2021,11,1150,184937148,20,12,Films/Games
Phantom Regret by Jim,The Weeknd,1,2022,1,768,31959571,1,3,R&B
Freaks,Surf Curse,1,2015,5,3006,824420218,23,121,Alternative
Acapulco,Jason Derulo,1,2021,9,3098,363467642,111,182,Pop
Daddy Issues,The Neighbourhood,1,2015,10,9771,1127468248,42,384,Alternative
thought i was playing,"21 Savage, Gunna",2,2022,1,807,60680939,3,5,Rap/Hip Hop
ELEVEN,IVE,1,2021,12,521,247737946,17,11,Asian Music
What Else Can I Do?,"Stephanie Beatriz, Diane Guerrero",2,2021,11,802,154797871,13,8,Films/Games
Miserable Man,David Kushner,1,2022,1,788,124407432,13,32,Pop
happier,Olivia Rodrigo,1,2021,5,3069,850608354,25,105,Pop
Praise God,Kanye West,1,2021,8,4651,376333030,24,105,Rap/Hip Hop
Get Into It (Yuh),Doja Cat,1,2021,6,4999,516784627,43,73,Pop
Before You Go,Lewis Capaldi,1,2019,11,8327,1608045237,205,625,Alternative
Sky,Playboi Carti,1,2020,12,3297,506778838,25,52,Rap/Hip Hop
Rolling in the Deep,Adele,1,2010,11,35684,1472799873,195,6280,Pop
Sobrio,Maluma,1,2021,7,3506,513643924,103,100,Rap/Hip Hop
Peru,"Ed Sheeran, Fireboy DML",2,2021,12,2999,261286503,60,154,Pop
favorite crime,Olivia Rodrigo,1,2021,5,3681,783706581,20,99,Pop
Thunder,"Prezioso, Gabry Ponte, LUM!X",3,2021,5,4846,422691058,54,259,Dance
The Business,Tiï¿½ï¿,1,2020,1,14311,1062345656,255,582,Dance
I WANNA BE YOUR SLAVE,Mï¿½ï¿½ne,1,2021,3,4873,851070493,65,434,Pop
The Feels,TWICE,1,2021,10,1150,345903614,20,44,Alternative
No Lie,"Sean Paul, Dua Lipa",2,2016,11,7370,956865266,92,1219,Reggae
OUT OUT (feat. Charli XCX & Saweetie),"Charli XCX, Jax Jones, Joel Corry, Saweetie",4,2021,8,6890,427486004,122,201,Dance
Pope Is a Rockstar,SALES,1,2016,4,1966,156658366,4,50,Pop
2055,Sleepy hallow,1,2021,4,2226,624515457,29,44,Rap/Hip Hop
Bored,Billie Eilish,1,2017,3,4204,777765388,39,250,Alternative
Astronaut In The Ocean,Masked Wolf,1,2019,1,7191,1138474110,146,478,Rap/Hip Hop
Ley Seca,"Anuel Aa, Jhay Cortez",2,2021,9,2012,355219175,101,38,Rap/Hip Hop
Every Summertime,NIKI,1,2021,8,1211,290228626,30,5,Pop
Talking To The Moon,Bruno Mars,1,2010,10,7109,1062956628,5,862,Pop
you broke me first,Tate McRae,1,2020,4,6638,1180094974,167,318,Pop
The Nights,Avicii,1,2014,1,17354,1456081449,92,1282,Dance
Enemy - from the series Arcane League of Legends,"Imagine Dragons, League of Legends, Arcane",3,2021,10,824,1223481149,8,8,Alternative
Lucid Dreams,Juice WRLD,1,2017,6,14749,2288695111,188,710,Rap/Hip Hop
All of Me,John Legend,1,2013,8,27221,2086124197,308,4534,Pop
Smells Like Teen Spirit - Remastered 2021,Nirvana,1,1991,9,49991,1690192927,265,12367,Rock
Bar,"Tini, L-Gante",2,2021,11,755,200972675,22,0,Pop
The Rumbling (TV Size),SiM,1,2022,1,254,71014967,0,23,Rock
Mr. Brightside,The Killers,1,2003,9,51979,1806617704,306,5063,Rock
Blessed-Cursed,ENHYPEN,1,2022,1,246,77337771,2,10,Asian Music
AM Remix,"J Balvin, Nio Garcia, Bad Bunny",3,2021,6,6556,528544703,93,67,Reggaeton
Streets,Doja Cat,1,2019,11,5728,865640097,85,179,R&B
Shallow,"Lady Gaga, Bradley Cooper",2,2018,9,16636,2159346687,368,2854,Films/Games
Polaroid Love,ENHYPEN,1,2022,1,461,211372494,10,17,Asian Music
Permission to Dance,BTS,1,2021,7,1801,608334048,77,74,Asian Music
Friday (feat. Mufasa & Hypeman) - Dopamine Re-Edit,"Riton, Nightcrawlers, Mufasa & Hypeman, Dopamine",4,2021,1,12043,863756573,209,710,Dance
RAPSTAR,Polo G,1,2021,4,4731,797402345,141,78,Rap/Hip Hop
'Till I Collapse,"Eminem, Nate Dogg",2,2002,5,22923,1695712020,78,2515,Rap/Hip Hop
Memories,Maroon 5,1,2019,9,9974,1759567999,272,1066,Pop
Se Le Ve,"Arcangel, De La Ghetto, Justin Quiles, Lenny Tavï¿½ï¿½rez, Sech, Dalex, Dimelo Flow, Rich Music",8,2021,8,1560,223319934,72,0,Rap/Hip Hop
25k jacket (feat. Lil Baby),"Gunna, Lil Baby",2,2022,1,620,54937991,17,3,Rap/Hip Hop
MAMIII,"Karol G, Becky G",2,2022,2,6809,716591492,151,175,Pop
Still D.R.E.,"Dr. Dre, Snoop Dogg",2,1999,1,33966,1210599487,141,6591,Rap/Hip Hop
Stay Alive (Prod. SUGA of BTS),Jung Kook,1,2022,2,590,246376690,4,20,Asian Music
Boyfriend,Dove Cameron,1,2022,2,3766,496311364,76,102,Alternative
The Next Episode,"Dr. Dre, Snoop Dogg",2,1999,1,31762,843309044,142,5451,Rap/Hip Hop
Light Switch,Charlie Puth,1,2022,1,4049,500340342,119,85,Pop
City of Gods,"Kanye West, Alicia Keys, Fivio Foreign",3,2022,2,2096,107255472,34,30,Rap/Hip Hop
Brividi,"Mahmood, Blanco",2,2022,2,1175,135079152,34,31,Pop
Lost,Frank Ocean,1,2012,1,29499,822239726,124,587,Alternative
In Da Club,50 Cent,1,2002,1,30427,1202722675,235,5221,Rap/Hip Hop
she's all i wanna be,Tate McRae,1,2022,2,2711,343197054,105,51,Pop
Ginseng Strip 2002,Yung Lean,1,2013,8,4310,240769997,13,113,Rap/Hip Hop
All For Us - from the HBO Original Series Euphoria,"Labrinth, Zendaya",2,2019,8,5342,426204830,33,7,Films/Games
Notion,The Rare Occasions,1,2016,8,2393,421135627,22,65,Alternative
Formula,Labrinth,1,2019,10,3444,554875730,24,102,Films/Games
Excuses,"Intense, AP Dhillon, Gurinder Gill",3,2020,7,272,327498031,7,2,Alternative
Cigarettes,Juice WRLD,1,2021,12,975,185408548,11,10,Rap/Hip Hop
Forgot About Dre,"Eminem, Dr. Dre",2,1999,1,19067,675039469,78,1674,Rap/Hip Hop
Down Under (feat. Colin Hay),"Luude, Colin Hay",2,2021,11,3541,252871192,57,50,Electro
Mujeriego,Ryan Castro,1,2021,12,1492,231996128,44,91,Rap/Hip Hop
HUMBLE.,Kendrick Lamar,1,2017,3,33206,1929770265,284,1481,Rap/Hip Hop
Stan,"Eminem, Dido",2,1999,11,17115,918915401,83,4180,Rap/Hip Hop
Contection,"GODZZ__-, Zakaria",2,2020,1,6955,1180896317,65,398,Pop
Swim,Chase Atlantic,1,2017,10,2742,498960285,5,62,Alternative
Numb Little Bug,Em Beihold,1,2022,1,2026,258714692,47,42,Pop
212,"Mainstreet, Chefin",2,2022,1,352,143139338,10,39,Rap/Hip Hop
Problemï¿½,"Alvaro Diaz, Rauw Alejandro",2,2021,10,1517,209768491,42,15,Rap/Hip Hop
Bussin,"Nicki Minaj, Lil Baby",2,2022,2,847,64714573,25,14,Rap/Hip Hop
Worst Day,Future,1,2022,2,910,50746620,20,24,Rap/Hip Hop
Malvada,Zï¿½ï¿½ Fe,1,2022,1,601,154119539,28,64,Brazilian Music
Hrs and Hrs,Muni Long,1,2021,11,1800,181328253,43,46,R&B
Alien Blues,Vundabar,1,2015,7,1930,370068639,3,28,Pop
Thinking Out Loud,Ed Sheeran,1,2014,1,33032,2280566092,363,3895,Pop
Still Don't Know My Name,Labrinth,1,2019,10,6332,563902868,47,266,Films/Games
Christmas Tree,V,1,2021,12,509,317622165,8,6,Asian Music
When I R.I.P.,Labrinth,1,2019,10,2578,203680270,8,66,Films/Games
Do We Have A Problem?,"Nicki Minaj, Lil Baby",2,2022,2,1064,81350745,42,26,Rap/Hip Hop
Forever,Labrinth,1,2019,10,3618,282883169,21,138,Films/Games
NEW MAGIC WAND,"Tyler, The Creator",2,2019,5,4708,461437791,13,55,Rap/Hip Hop
Adore You,Harry Styles,1,2019,12,13454,1439191367,246,519,Pop
La Santa,"Daddy Yankee, Bad Bunny",2,2020,2,4890,759208783,52,100,Reggaeton
Something In The Way - Remastered 2021,Nirvana,1,1991,9,9514,368646862,45,1197,Rock
Sweetest Pie,"Dua Lipa, Megan Thee Stallion",2,2022,3,3501,299634472,69,51,Rap/Hip Hop
Bam Bam (feat. Ed Sheeran),"Camila Cabello, Ed Sheeran",2,2022,3,6111,756907987,185,492,Pop
Una Noche en Medellï¿½,Cris Mj,1,2022,1,5415,682475162,46,53,Latin Music
Envolver,Anitta,1,2021,11,4673,546191065,123,180,Pop
Starlight,Dave,1,2022,3,1856,229473310,29,31,Rap/Hip Hop
Hati-Hati di Jalan,Tulus,1,2022,3,200,202677468,12,0,Pop
"Residente: Bzrp Music Sessions, Vol. 49","Residente, Bizarrap",2,2022,3,461,94616487,7,13,Rap/Hip Hop
Jordan,Ryan Castro,1,2021,4,2844,394030335,29,35,Rap/Hip Hop
Nail Tech,Jack Harlow,1,2022,2,2939,193443895,42,24,Rap/Hip Hop
Chale,Eden Muï¿½ï,1,2022,2,695,299648208,16,13,Latin Music
Ya No Somos Ni Seremos,Christian Nodal,1,2022,2,866,319757142,27,32,Banda/Grupero
Freaky Deaky,"Tyga, Doja Cat",2,2022,2,1729,153240879,26,19,Rap/Hip Hop
this is what falling in love feels like,JVKE,1,2021,9,2005,346127840,16,43,Pop
La Zona,Bad Bunny,1,2020,2,1188,312622938,13,15,Reggaeton
Hope,XXXTENTACION,1,2018,3,3659,1200808494,11,267,Pop
Levitating,Dua Lipa,1,2020,3,9833,797196073,233,531,Pop
Wake Me Up - Radio Edit,Avicii,1,2013,1,50887,1970673297,315,6284,Electro
"jealousy, jealousy",Olivia Rodrigo,1,2021,5,3257,665765558,10,70,Pop
Demasiadas Mujeres,C. Tangana,1,2020,10,2226,339473453,36,11,Rap/Hip Hop
Something Just Like This,"The Chainsmokers, Coldplay",2,2017,2,23375,2204080728,336,2692,Alternative
Closer,"The Chainsmokers, Halsey",2,2016,5,28032,2591224264,315,2179,Electro
O.O,NMIXX,1,2022,2,290,135444283,9,10,Asian Music
Tom's Diner,"AnnenMayKantereit, Giant Rooks",2,2019,6,2605,236872197,15,50,Rock
First Class,Jack Harlow,1,2022,4,8737,694525298,163,137,Rap/Hip Hop
Fuera del mercado,Danny Ocean,1,2022,2,2499,421365166,68,43,Pop
When You're Gone,Shawn Mendes,1,2022,3,2092,255120451,75,44,Pop
In My Head,Lil Tjay,1,2022,4,1185,190981339,21,31,Rap/Hip Hop
Wait a Minute!,Willow,1,2015,1,11985,924193303,79,250,Alternative
LOVE DIVE,IVE,1,2022,4,753,305771063,28,13,Asian Music
Pantysito,"Feid, Alejo, Robi",3,2022,3,2995,273005485,49,30,Rap/Hip Hop
Chance,Paulo Londra,1,2022,4,225,89566512,11,7,Dance
Cool for the Summer,Demi Lovato,1,2015,1,9243,677389855,155,577,Pop
psychofreak (feat. WILLOW),"Camila Cabello, Willow",2,2022,4,918,75476209,24,52,Pop
Angel Baby,Troye Sivan,1,2021,9,1959,408843328,52,32,Pop
Si Quieren Frontear,"De La Ghetto, Duki, Quevedo",3,2022,3,859,178512385,14,11,Reggaeton
Right On,Lil Baby,1,2022,4,1116,101780047,31,15,Rap/Hip Hop
That's Hilarious,Charlie Puth,1,2022,4,686,146363130,11,12,Pop
Soy El Unico,Yahritza Y Su Esencia,1,2022,3,226,126443991,5,4,Traditional Mexicano
sentaDONA (Remix) s2,"Luï¿½ï¿½sa Sonza, MC Frog, Dj Gabriel do Borel, Davi K",4,2022,3,870,176290831,32,49,Pop
Falling,Harry Styles,1,2019,12,7556,1023187129,124,254,Pop
MANIAC,Stray Kids,1,2022,3,651,212234990,6,20,Pop
There's Nothing Holdin' Me Back,Shawn Mendes,1,2016,9,12382,1714490998,229,1370,Pop
Golden,Harry Styles,1,2019,12,8429,807015863,85,200,Pop
Get Lucky - Radio Edit,"Pharrell Williams, Nile Rodgers, Daft Punk",3,2013,1,52898,933815613,203,8215,Electro
Ain't Shit,Doja Cat,1,2021,6,3436,499710590,32,46,Pop
"Nobody Like U - From ""Turning Red""","Jordan Fisher, Josh Levi, Finneas O'Connell, 4*TOWN (From Disney and Pixarï¿½ï¿½ï¿½s Turning Red), Topher Ngo, Grayson Vill",6,2022,2,918,120847157,34,30,Films/Games
Still Life,BIGBANG,1,2022,4,181,53909146,16,7,Asian Music
Photograph,Ed Sheeran,1,2014,6,18778,2236667932,228,2453,Pop
Love Yourself,Justin Bieber,1,2015,11,22730,2123309722,289,2430,Pop
N95,Kendrick Lamar,1,2022,5,5542,301242089,52,65,Rap/Hip Hop
About Damn Time,Lizzo,1,2022,4,9021,723894473,242,272,Pop
Die Hard,"Kendrick Lamar, Blxst, Amanda Reifer",3,2022,5,4627,237351106,38,32,Rap/Hip Hop
United In Grief,Kendrick Lamar,1,2022,5,2575,156898322,4,12,Rap/Hip Hop
Rich Spirit,Kendrick Lamar,1,2022,5,3486,173702135,20,33,Rap/Hip Hop
Me Fui de Vacaciones,Bad Bunny,1,2022,5,1443,305650299,9,22,Latin Music
Silent Hill,"Kendrick Lamar, Kodak Black",2,2022,5,3028,123216717,22,23,Rap/Hip Hop
La Corriente,"Tony Dize, Bad Bunny",2,2022,5,1796,479655659,8,18,Latin Music
Count Me Out,Kendrick Lamar,1,2022,5,2729,126191104,3,13,Rap/Hip Hop
Andrea,"Buscabulla, Bad Bunny",2,2022,5,1195,344055883,8,13,Latin Music
Dos Mil 16,Bad Bunny,1,2022,5,892,338422004,10,11,Latin Music
We Cry Together,"Kendrick Lamar, Taylour Paige",2,2022,5,1635,68895644,4,6,Rap/Hip Hop
Savior,"Kendrick Lamar, Sam Dew, Baby Keem",3,2022,5,2291,86176890,9,8,Rock
Un Coco,Bad Bunny,1,2022,5,1029,403231558,5,9,Latin Music
Otro Atardecer,"Bad Bunny, The Marï¿½ï",2,2022,5,1681,319546754,10,13,Latin Music
Worldwide Steppers,Kendrick Lamar,1,2022,5,1480,61739839,1,5,Rap/Hip Hop
Aguacero,Bad Bunny,1,2022,5,829,283359161,4,10,Latin Music
Purple Hearts,"Kendrick Lamar, Ghostface Killah, Summer Walker",3,2022,5,2308,76831876,7,7,Films/Games
Un Verano Sin Ti,Bad Bunny,1,2022,5,1004,283332261,8,9,Latin Music
ULTRA SOLO,"Polima WestCoast, Pailita",2,2022,2,1367,307752576,48,34,Pop
Callaita,"Bad Bunny, Tainy",2,2019,5,9539,1304313953,162,355,Reggaeton
Dua Lipa,Jack Harlow,1,2022,5,1992,150500965,35,3,Pop
Agosto,Bad Bunny,1,2022,5,897,246127838,6,8,Latin Music
House Of Memories,Panic! At The Disco,1,2016,1,2948,582863434,10,150,Alternative
Mr. Morale,"Kendrick Lamar, Tanna Leone",2,2022,5,1860,58687425,1,3,Rap/Hip Hop
That That (prod. & feat. SUGA of BTS),"PSY, Suga",2,2022,4,802,212109195,16,23,Asian Music
In The Stars,Benson Boone,1,2022,4,2224,382199619,48,87,Pop
Rich - Interlude,Kendrick Lamar,1,2022,5,1103,41210087,0,0,Rap/Hip Hop
SUPERMODEL,Mï¿½ï¿½ne,1,2022,5,2265,231657891,93,173,Pop
Stefania (Kalush Orchestra),KALUSH,1,2022,3,555,53729194,10,4,Rap/Hip Hop
Thousand Miles,The Kid Laroi,1,2022,4,2050,244741137,52,46,Rap/Hip Hop
Crown,Kendrick Lamar,1,2022,5,1493,42485571,2,10,Asian Music
Auntie Diaries,Kendrick Lamar,1,2022,5,1545,37778188,1,4,Rap/Hip Hop
PUFFIN ON ZOOTIEZ,Future,1,2022,4,2350,254218729,28,23,Rap/Hip Hop
Mirror,Kendrick Lamar,1,2022,5,1929,53603447,2,4,Rap/Hip Hop
Beautiful Girl,Luciano,1,2022,4,710,160035717,16,18,Latin Music
Savior - Interlude,Kendrick Lamar,1,2022,5,1194,37091576,0,3,Rap/Hip Hop
Pasoori,"Shae Gill, Ali Sethi",2,2022,2,349,284249832,10,3,Pop
Where Did You Go?,"MNEK, Jax Jones",2,2022,1,4531,300983101,135,119,Dance
I Tried to Tell Y'all,"Ugly Dray, Tesla Jnr",2,2022,5,1657,121077868,15,3,Rap/Hip Hop
ZOOM,Jessi,1,2022,4,608,136996305,5,14,Asian Music
SloMo,Chanel,1,2021,12,1211,65719930,31,19,Pop
FEARLESS,LE SSERAFIM,1,2022,5,629,229497852,18,9,Asian Music
10 Things I Hate About You,Leah Kate,1,2022,3,1301,185550869,23,15,Pop
SPACE MAN,Sam Ryder,1,2022,2,1329,54682594,42,32,Alternative
With you,"HA SUNG WOON, Jimin",2,2022,4,343,240580042,4,11,Electro
Iris,The Goo Goo Dolls,1,1998,3,13101,1284942608,137,582,Pop
The Heart Part 5,Kendrick Lamar,1,2022,5,2939,71423324,29,30,Rap/Hip Hop
San Lucas,Kevin Kaarl,1,2019,11,407,244891912,5,5,Folk
Good Looking,Suki Waterhouse,1,2017,10,2264,184706613,11,25,Alternative
Flowers,Lauren Spencer Smith,1,2021,8,801,184826429,42,24,Pop
Yet To Come,BTS,1,2022,6,829,302006641,32,26,Pop
Run BTS,BTS,1,2022,6,736,330881149,5,17,Asian Music
Music For a Sushi Restaurant,Harry Styles,1,2022,5,4449,334733572,80,66,Pop
Matilda,Harry Styles,1,2022,5,3218,366214458,29,79,Pop
For Youth,BTS,1,2022,6,327,114546317,5,12,Asian Music
Vegas (From the Original Motion Picture Soundtrack ELVIS),Doja Cat,1,2022,5,4576,448500832,79,93,Pop
Cash In Cash Out,"Pharrell Williams, Tyler, The Creator, 21 Savage",4,2022,6,2313,136676504,34,29,Rap/Hip Hop
Born Singer,BTS,1,2022,6,279,79095270,0,6,Asian Music
Little Freak,Harry Styles,1,2022,5,2302,273194684,20,39,Pop
True Love,"Kanye West, XXXTENTACION",2,2022,5,2129,194902696,23,44,Rap/Hip Hop
Pass The Dutchie,Musical Youth,1,1982,1,5328,195918494,54,900,Pop
"Villano Antillano: Bzrp Music Sessions, Vol. 51","Bizarrap, Villano Antillano",2,2022,6,1401,248511839,26,17,Electro
Love Of My Life,Harry Styles,1,2022,5,1933,233671263,13,31,Pop
Grapejuice,Harry Styles,1,2022,5,1986,199587884,7,15,Pop
So Good,Halsey,1,2022,6,1057,91781263,51,19,Alternative
Belly Dancer,"BYOR, Imanbek",2,2022,2,5115,383835984,109,301,Dance
Keep Driving,Harry Styles,1,2022,5,2094,236060709,8,18,Pop
Cinema,Harry Styles,1,2022,5,2171,189236868,18,28,Pop
Die Young (feat. 347aidan),"Sleepy hallow, 347aidan",2,2022,5,896,160845341,19,15,Rap/Hip Hop
Only Love Can Hurt Like This,Paloma Faith,1,2014,1,5148,588955257,90,365,Pop
Hold My Hand,Lady Gaga,1,2022,5,2528,238350348,63,270,Pop
Daydreaming,Harry Styles,1,2022,5,1900,187703102,15,23,Pop
Me and Your Mama,Childish Gambino,1,2016,11,8775,445590495,33,107,R&B
Crazy What Love Can Do,"David Guetta, Ella Henderson, Becky Hill",3,2022,3,5290,286739476,139,142,Dance
SLOW DANCING IN THE DARK,Joji,1,2018,9,10211,1122364376,38,65,R&B
Antes de Perderte,Duki,1,2022,6,584,157136970,12,8,Reggaeton
295,Sidhu Moose Wala,1,2021,5,246,183273246,4,0,Indian Music
En El Radio Un Cochinero,Victor Cibrian,1,2022,5,514,164856284,5,1,Traditional Mexicano
Master of Puppets (Remastered),Metallica,1,1986,3,6080,704171068,112,406,Rock
BREAK MY SOUL,Beyoncï¿,1,2022,6,9724,354614964,222,259,Pop
ULTRA SOLO REMIX,"De La Ghetto, Feid, Polima WestCoast, Paloma Mami, Pailita",5,2022,6,2341,279717388,37,38,Pop
Massive,Drake,1,2022,6,5263,195628667,66,61,Dance
Betty (Get Money),Yung Gravy,1,2022,6,2402,221752937,45,26,Rap/Hip Hop
Ojos Marrones,Lasso,1,2022,2,795,263280370,26,15,Pop
POP!,Nayeon,1,2022,6,571,213505179,19,14,Asian Music
MORE,j-hope,1,2022,7,565,155795783,6,11,Pop
Sweet Child O' Mine,Guns N' Roses,1,1987,1,41231,1553497987,228,6720,Rock
Sticky,Drake,1,2022,6,2814,191448892,38,25,Dance
Ai Preto,"L7nnon, DJ Biel do Furduncinho, Bianca",3,2022,6,894,176103902,28,54,Brazilian Music
La Loto,"Anitta, Tini, Becky G",3,2022,7,945,121189256,49,57,Pop
die first,Nessa Barrett,1,2022,6,767,131746175,25,22,Pop
Afraid To Feel,LF System,1,2022,5,5898,244790012,129,128,Dance
Baile no Morro,"Mc Vitin Da Igrejinha, MC Tairon, DJ Win",3,2022,6,685,129314708,17,24,Brazilian Music
STAYING ALIVE (feat. Drake & Lil Baby),"Drake, DJ Khaled, Lil Baby",3,2022,8,2107,170732845,51,50,Rap/Hip Hop
Si Te La Encuentras Por Ahï¿,Feid,1,2022,8,1379,179061440,23,18,Rap/Hip Hop
GIVENCHY,Duki,1,2022,7,625,185236961,13,12,Rap/Hip Hop
ALIEN SUPERSTAR,Beyoncï¿,1,2022,7,2688,171788484,39,36,Pop
Mary On A Cross,Ghost,1,2019,9,2668,387080183,38,78,Metal
Attention,NewJeans,1,2022,8,799,264717480,14,9,Rap/Hip Hop
THE SHADE,Rex Orange County,1,2022,3,1189,244928911,17,16,Alternative
"Come Back Home - From ""Purple Hearts""",Sofia Carson,1,2022,7,367,97610446,28,195,Films/Games
El Rescate,"Grupo Marca Registrada, Junior H",2,2022,7,527,287278853,10,3,Traditional Mexicano
Heartless,Kanye West,1,2008,1,17504,887906111,63,1315,R&B
"Stay With Me (with Justin Timberlake, Halsey, & Pharrell)","Calvin Harris, Halsey, Pharrell Williams, Justin Timberlake",4,2022,7,3113,123473120,54,124,Pop
JGL,"Luis R Conriquez, La Adictiva",2,2022,2,782,323455692,15,6,Traditional Mexicano
Don't You Worry,"David Guetta, Shakira, Black Eyed Peas",3,2022,6,2442,240918092,81,248,Dance
Pipoco,"Melody, Ana Castela, Dj Chris No Beat",3,2022,5,1112,191873381,22,65,Brazilian Music
Forget Me,Lewis Capaldi,1,2022,9,2520,239411309,93,84,Alternative
Bound 2,Kanye West,1,2013,1,19806,703301727,33,274,Rap/Hip Hop
Talk that Talk,TWICE,1,2022,8,615,189476119,14,15,Pop
BILLIE EILISH.,Armani White,1,2022,1,2537,277132266,49,67,Rap/Hip Hop
Ferxxo 100,Feid,1,2022,6,1647,278920007,20,23,Rap/Hip Hop
KU LO SA - A COLORS SHOW,Oxlade,1,2022,6,2019,222410722,117,107,African Music
Prohibidox,Feid,1,2022,9,1473,185392587,25,25,Rap/Hip Hop
Static,Steve Lacy,1,2022,7,1613,202452860,21,13,R&B
The Scientist,Coldplay,1,2002,8,30992,1608164312,124,7827,Rock
Sparks,Coldplay,1,2000,7,10826,624101957,24,805,Rock
Talk,YEAT,1,2022,9,920,148461629,10,8,Alternative
XQ Te Pones Asï¿,"Yandel, Feid",2,2022,9,308,47093942,6,6,Rap/Hip Hop
Selfish,PnB Rock,1,2016,6,2468,380319238,15,0,Pop
Sin Seï¿½ï,"Ovy On The Drums, Quevedo",2,2022,7,1097,209106362,18,13,Classical
Lady Mi Amor,Feid,1,2022,9,330,53987404,3,2,Rap/Hip Hop
Poland,Lil Yachty,1,2022,6,1584,115331792,38,24,Rap/Hip Hop
THE LONELIEST,Mï¿½ï¿½ne,1,2022,10,1585,225093344,78,328,Rock
Bye Bye,"Marshmello, Juice WRLD",2,2022,10,766,84697729,16,9,Rap/Hip Hop
BABY OTAKU,"Fran C, Polima WestCoast, Nickoog Clk, Pablito Pesadilla",4,2022,8,836,159240673,14,13,Reggaeton
Nxde,(G)I-DLE,1,2022,10,430,170709584,14,9,Asian Music
Miss You,Southstar,1,1982,5,2020,154356956,77,119,Dance
we fell in love in october,girl in red,1,2018,11,6858,723043854,31,15,Alternative
2 Be Loved (Am I Ready),Lizzo,1,2022,7,3682,247689123,41,158,Pop
Celestial,Ed Sheeran,1,2022,9,1639,176474912,86,80,Pop
Typa Girl,BLACKPINK,1,2022,9,452,235549288,2,13,Pop
California Breeze,Lil Baby,1,2022,10,991,85559365,36,13,Rap/Hip Hop
Casei Com a Putaria,"MC Ryan SP, Love Funk, Mc Paiva ZS",3,2022,7,648,187701588,0,30,Brazilian Music
Major Distribution,"Drake, 21 Savage",2,2022,11,1545,154863153,22,15,Rap/Hip Hop
Vigilante Shit,Taylor Swift,1,2022,10,1948,253650850,12,16,Pop
Question...?,Taylor Swift,1,2022,10,1608,223064273,10,12,Pop
On BS,"Drake, 21 Savage",2,2022,11,1338,170413877,9,7,Rap/Hip Hop
Mastermind,Taylor Swift,1,2022,10,1936,218320587,7,13,Pop
Circo Loco,"Drake, 21 Savage",2,2022,11,1794,141720999,26,17,Rap/Hip Hop
Spin Bout U,"Drake, 21 Savage",2,2022,11,1652,198365537,26,10,Rap/Hip Hop
"Would've, Could've, Should've",Taylor Swift,1,2022,10,1715,177503916,4,8,Pop
Con La Brisa,"Ludwig Goransson, Foudeqush",2,2022,11,486,71095708,8,7,Films/Games
Privileged Rappers,"Drake, 21 Savage",2,2022,11,1007,112436403,6,3,Rap/Hip Hop
The Astronaut,Jin,1,2022,10,481,203436468,10,15,Asian Music
BackOutsideBoyz,Drake,1,2022,11,1045,93367537,8,2,Rap/Hip Hop
Broke Boys,"Drake, 21 Savage",2,2022,11,1060,106249219,3,5,Rap/Hip Hop
The Great War,Taylor Swift,1,2022,10,1274,181382590,1,11,Pop
My Mind & Me,Selena Gomez,1,2022,11,953,91473363,61,37,Pop
Bigger Than The Whole Sky,Taylor Swift,1,2022,10,1180,121871870,4,8,Pop
A Veces (feat. Feid),"Feid, Paulo Londra",2,2022,11,573,73513683,2,7,Pop
En La De Ella,"Feid, Sech, Jhayco",3,2022,10,1320,133895612,29,17,Rap/Hip Hop
Alone,Burna Boy,1,2022,11,782,96007391,27,32,Films/Games
