Track Name,Artist(s) Name,Artist Count,Released Year,Released Month,Spotify Playlists Ranking,Spotify Charts Ranking,Spotify Streams,Apple Playlists Ranking,Apple Charts Ranking,Deezer Playlists Ranking,Deezer Charts Ranking,BPM,Key,Deezer Genre
Seven (feat. Latto) (Explicit Ver.),"Latto, Jung Kook",2,2023,7,553,147,141381703,43,263,45,10,125,B,Asian Music
LALA,Myke Towers,1,2023,3,1474,48,133716286,48,126,58,14,92,C#,Rap/Hip Hop
vampire,Olivia Rodrigo,1,2023,6,1397,113,140003974,94,207,91,14,138,F,Pop
Cruel Summer,Taylor Swift,1,2019,8,7858,100,800840817,116,207,125,12,170,A,Pop
WHERE SHE GOES,Bad Bunny,1,2023,5,3133,50,303236322,84,133,87,15,144,A,Latin Music
Sprinter,"Dave, Central Cee",2,2023,6,2186,91,183706234,67,213,88,17,141,C#,Rap/Hip Hop
Ella Baila Sola,"Eslabon Armado, Peso Pluma",2,2023,3,3090,50,725980112,34,222,43,13,148,F,Traditional Mexicano
Columbia,Quevedo,1,2023,7,714,43,58149378,25,89,30,13,100,F,Reggaeton
fukumean,Gunna,1,2023,5,1096,83,95217315,60,210,48,11,130,C#,Rap/Hip Hop
La Bebe - Remix,"Peso Pluma, Yng Lvcas",2,2023,3,2953,44,553634067,49,110,66,13,170,D,Rap/Hip Hop
un x100to,"Bad Bunny, Grupo Frontera",2,2023,4,2876,40,505671438,41,205,54,12,83,F#,Cumbia
Super Shy,NewJeans,1,2023,7,422,55,58255150,37,202,21,5,150,F,Asian Music
Daylight,David Kushner,1,2023,4,3528,98,387570742,80,156,182,24,130,D,Pop
Kill Bill,SZA,1,2022,12,8109,77,1163093654,183,162,161,12,89,G#,R&B
Cupid - Twin Ver.,Fifty Fifty,1,2023,2,2942,77,496795686,91,212,78,6,120,B,Asian Music
Classy 101,"Feid, Young Miko",2,2023,3,2610,40,335222234,43,100,54,14,100,B,Rap/Hip Hop
Like Crazy,Jimin,1,2023,3,596,68,363369738,8,104,23,2,120,G,Asian Music
SABOR FRESA,Fuerza Regida,1,2023,6,250,26,78300654,16,149,10,5,130,G,Traditional Mexicano
MOJABI GHOST,"Tainy, Bad Bunny",2,2023,6,859,40,61245289,35,109,41,14,122,F#,Rap/Hip Hop
Last Night,Morgan Wallen,1,2023,1,2420,19,429829812,52,107,15,1,204,F#,Country
Dance The Night (From Barbie The Album),Dua Lipa,1,2023,5,2988,101,127408954,0,0,143,38,110,B,Pop
Creepin',"The Weeknd, 21 Savage, Metro Boomin",3,2022,12,6036,88,843957510,113,149,245,23,98,C#,Rap/Hip Hop
Anti-Hero,Taylor Swift,1,2022,10,9082,56,999748277,242,142,165,9,97,E,Pop
TQG,"Karol G, Shakira",2,2023,2,4284,49,618990393,115,123,184,18,180,E,Rap/Hip Hop
Blank Space,Taylor Swift,1,2014,1,11434,53,1355959075,154,123,410,2,96,F,Pop
Style,Taylor Swift,1,2014,1,7830,42,786181836,94,111,151,4,95,D,Pop
TQM,Fuerza Regida,1,2023,5,584,28,176553476,16,159,15,6,125,F,Traditional Mexicano
El Azul,"Junior H, Peso Pluma",2,2023,2,692,25,354495408,10,107,6,3,144,A,Latin Music
Sunflower - Spider-Man: Into the Spider-Verse,"Post Malone, Swae Lee",2,2018,10,24094,78,2808096550,372,117,843,4,90,D,Rap/Hip Hop
I'm Good (Blue),"Bebe Rexha, David Guetta",2,2022,8,12482,80,1109433169,291,184,537,45,128,G,Dance
See You Again,"Tyler, The Creator, Kali Uchis",3,2017,7,13387,64,1047101291,77,58,247,1,79,F#,Rap/Hip Hop
Angels Like You,Miley Cyrus,1,2020,11,3372,19,570515054,65,48,138,1,122,F,Pop
Die For You,The Weeknd,1,2016,11,2483,59,1647990401,68,21,24,0,134,C#,R&B
Starboy,"The Weeknd, Daft Punk",2,2016,9,29536,79,2565529693,281,137,2445,1,186,G,R&B
Die For You - Remix,"Ariana Grande, The Weeknd",2,2023,2,3408,47,518745108,87,86,74,1,67,C#,R&B
El Cielo,"Feid, Myke Towers, Sky Rompiendo",3,2023,6,1298,38,107753850,44,64,57,10,106,A#,Rap/Hip Hop
Baby Don't Hurt Me,"David Guetta, Anne-Marie, Coi Leray",3,2023,4,4277,66,177740666,145,111,213,11,128,G,Dance
AMARGURA,Karol G,1,2023,2,1133,39,153372011,14,71,23,10,107,F#,Rap/Hip Hop
(It Goes Like) Nanana - Edit,Peggy Gou,1,2023,6,2259,59,57876440,0,0,109,17,130,G,Dance
Moonlight,Kali Uchis,1,2023,2,2649,42,256483385,67,79,57,1,137,G,R&B
La Bachata,Manuel Turizo,1,2022,5,6804,45,1214083358,139,111,161,15,125,G,Rap/Hip Hop
Boy's a liar Pt. 2,"PinkPantheress, Ice Spice",2,2023,2,5184,41,156338624,154,84,102,14,133,F,Pop
Left and Right (Feat. Jung Kook of BTS),"Charlie Puth, BTS, Jung Kook",3,2022,6,3107,39,720434240,38,0,4,0,101,D,Pop
BESO,"Rauw Alejandro, ROSALï¿½",2,2023,3,4053,50,357925728,82,121,182,12,95,F,Rap/Hip Hop
Hey Mor,"Ozuna, Feid",2,2022,10,4637,38,674072710,63,79,89,11,98,C#,Reggaeton
Yellow,Chris Molitor,1,1999,1,31358,43,1755214421,196,2,4053,5,173,B,Rock
Karma,Taylor Swift,1,2022,10,3818,23,404562836,37,55,32,0,90,G#,Pop
People,Libianca,1,2022,12,3506,56,373199958,105,64,169,8,198,A#,African Music
Overdrive,Post Malone,1,2023,7,410,36,14780425,36,32,31,1,140,C#,Pop
Enchanted (Taylor's Version),Taylor Swift,1,2023,7,148,24,39578178,32,93,8,2,82,G#,Country
BABY HELLO,"Rauw Alejandro, Bizarrap",2,2023,6,1004,35,54266102,42,80,58,3,130,C#,Latin Music
golden hour,JVKE,1,2022,7,4511,36,751134527,70,58,109,18,94,C#,Pop
"Quevedo: Bzrp Music Sessions, Vol. 52","Bizarrap, Quevedo",2,2022,7,8506,45,1356565093,94,65,164,14,128,D,Rap/Hip Hop
Viva La Vida,Coldplay,1,2008,1,33898,62,1592909789,233,0,4095,9,138,F,Rock
Here With Me,d4vd,1,2022,7,3246,23,635412045,94,85,68,1,132,E,Alternative
Yandel 150,"Yandel, Feid",2,2022,12,3618,38,585695368,47,74,80,14,168,F#,Reggaeton
Riptide,Vance Joy,1,1975,1,31123,55,2009094673,300,65,1003,1,102,C#,Alternative
Until I Found You (with Em Beihold) - Em Beihold Version,"Em Beihold, Stephen Sanchez",2,2022,4,2790,30,600976848,60,96,71,0,101,A#,Pop
Back To December (Taylor's Version),Taylor Swift,1,2023,7,139,17,39228929,16,72,5,0,142,D,Country
STAY (with Justin Bieber),"Justin Bieber, The Kid Laroi",2,2021,7,17050,36,2665343922,492,99,798,31,170,C#,Pop
El Merengue,"Marshmello, Manuel Turizo",2,2023,3,2114,44,223633238,80,75,110,11,124,G#,Pop
Me Porto Bonito,"Chencho Corleone, Bad Bunny",2,2022,5,8870,43,1440757818,104,120,141,26,92,C#,Latin Music
Makeba,Jain,1,2015,6,6060,53,165484133,150,148,2703,22,116,D,Pop
MONTAGEM - FR PUNK,"Ayparia, unxbected",2,2012,6,641,50,58054811,1,52,8,0,129,A,Electro
Fast Car,Luke Combs,1,2023,3,1446,12,157058870,57,97,35,0,98,G#,Country
What It Is (Solo Version),Doechii,1,2023,3,804,25,95131998,29,76,24,0,172,C#,R&B
Coco Chanel,"Bad Bunny, Eladio Carrion",2,2023,3,1962,38,250305248,28,89,29,5,150,D,Latin Music
Still With You,Jung Kook,1,2020,6,31,39,38411956,2,107,8,0,88,C#,Asian Music
All My Life (feat. J. Cole),"J. Cole, Lil Durk",2,2023,5,2175,23,144565150,69,145,69,2,143,D#,Rap/Hip Hop
Say Yes To Heaven,Lana Del Rey,1,2023,3,2000,46,127567540,49,105,63,1,100,F#,Alternative
Snooze,SZA,1,2022,12,2839,25,399686758,58,156,42,1,143,F,R&B
Summertime Sadness,Lana Del Rey,1,2011,1,20333,52,983637508,89,143,1632,3,112,C#,Alternative
Take Two,BTS,1,2023,6,674,47,118482347,20,106,25,4,93,G,Asian Music
Lover,Taylor Swift,1,2012,1,8448,23,882831184,160,110,163,0,206,G,Pop
Chemical,Post Malone,1,2023,4,2528,39,172825906,56,91,59,3,170,D,Pop
Mockingbird,Eminem,1,2004,1,12985,61,1241559043,49,98,2394,5,84,E,Pop
New Jeans,NewJeans,1,2023,7,77,35,29562220,8,166,4,4,134,E,Asian Music
Primera Cita,Carin Leon,1,2022,4,266,27,77309611,6,40,6,6,158,A#,Latin Music
Cold Heart - PNAU Remix,"Dua Lipa, Elton John, Pnau",3,2017,11,21097,52,1605224506,384,135,1034,37,116,C#,Pop
Dandelions,Ruth B.,1,2017,4,3423,21,1116995633,41,100,59,1,117,C#,Singer & Songwriter
Bones,Imagine Dragons,1,2021,3,4198,44,838079900,98,108,327,17,114,F,Alternative
Set Fire to the Rain,Adele,1,2011,1,14739,43,1163620694,88,112,2163,5,108,D,Pop
Money Trees,"Kendrick Lamar, Jay Rock",2,2012,1,26792,32,1093605526,69,113,695,0,144,E,Pop
Tak Segampang Itu,Anggi Marito,1,2022,12,213,6,179659294,7,6,0,0,130,F,Pop
Mine (Taylor's Version),Taylor Swift,1,2023,7,99,15,36912123,21,52,6,1,121,G,Country
Everybody Wants To Rule The World,Tears For Fears,1,1985,2,41751,25,1205951614,101,32,2655,0,112,G,Rock
No Role Modelz,J. Cole,1,2014,12,21164,36,1791000570,80,65,476,0,100,A#,Rap/Hip Hop
Tattoo,Loreen,1,2023,2,2988,59,201660859,74,102,145,18,150,D#,Pop
Rara Vez,"Taiu, Milo j",2,2023,2,893,38,248088961,19,23,24,3,120,F,Rap/Hip Hop
VAGABUNDO,"Sebastian Yatra, Manuel Turizo, Beï¿½ï",3,2023,5,1094,34,90839753,40,58,47,8,127,B,Pop
august,Taylor Swift,1,2020,7,7324,22,607123776,25,81,61,1,90,F,Alternative
LUNA,"Junior H, Peso Pluma",2,2023,6,201,11,55842345,19,117,8,1,128,A,Rap/Hip Hop
Nonsense,Sabrina Carpenter,1,2022,7,2346,27,342897938,69,12,38,8,139,G#,Pop
Que Vuelvas,"Carin Leon, Grupo Frontera",2,2022,12,763,26,2762,21,110,21,9,162,A#,Traditional Mexicano
Can't Hold Us (feat. Ray Dalton),"Ray Dalton, Ryan Lewis, Macklemore",3,2011,8,6074,52,1953533826,201,44,6551,2,146,D,Rap/Hip Hop
lovely - Bonus Track,"Billie Eilish, Khalid",2,2017,8,15032,30,2355719893,221,96,1078,2,115,E,Alternative
"Rauw Alejandro: Bzrp Music Sessions, Vol. 56","Rauw Alejandro, Bizarrap",2,2023,6,871,32,66902503,25,59,32,5,128,B,Latin Music
Queencard,(G)I-DLE,1,2023,5,451,33,96273746,10,126,7,0,130,E,Asian Music
OMG,NewJeans,1,2023,1,1783,27,430977451,26,124,15,1,127,A,Asian Music
Radio,Lana Del Rey,1,2011,1,9389,46,284819874,24,122,282,3,150,D,Rock
"Shakira: Bzrp Music Sessions, Vol. 53","Shakira, Bizarrap",2,2023,1,5724,44,721975598,119,108,254,29,122,D,Latin Music
"Tere Vaaste (From ""Zara Hatke Zara Bachke"")","Sachin-Jigar, Shadab Faridi, Altamash Faridi, Amitabh Bhattacharya, Varun Jain",5,2023,5,182,8,54225632,3,88,1,0,110,G,Asian Music
Perfect,Ed Sheeran,1,2017,1,16596,13,2559529074,7,0,2094,0,95,G#,Pop
Romantic Homicide,d4vd,1,2022,7,2335,23,681583126,82,55,50,0,132,F#,Alternative
Believer,Imagine Dragons,1,2017,1,18986,23,2594040133,250,121,2969,10,125,A#,Alternative
"Gol Bolinha, Gol Quadrado 2","Mc Pedrinho, DJ 900",2,2023,6,293,8,11956641,5,2,30,2,133,B,Brazilian Music
Without Me,Eminem,1,2002,1,21081,43,1687664027,98,76,3889,5,112,G,Rap/Hip Hop
Stargirl Interlude,"The Weeknd, Lana Del Rey",2,2016,11,1275,32,611700552,13,8,5,0,90,F,R&B
Ojitos Lindos,"Bomba Estï¿½ï¿½reo, Bad B",2,2022,5,6135,38,1133865788,71,113,99,13,80,D#,Latin Music
Somewhere Only We Know,Keane,1,2004,1,20015,16,1089402494,107,69,5239,0,172,A,Pop
Those Eyes,New West,1,2019,5,1507,14,411747614,24,71,44,1,120,E,Alternative
El Gordo Trae El Mando,Chino Pacas,1,2023,1,539,21,255932395,7,71,4,2,140,G,Traditional Mexicano
Mi Bello Angel,Natanael Cano,1,2023,6,86,8,31873544,7,76,3,1,128,A,Traditional Mexicano
Nosso Quadro,"Ana Castela, AgroPlay",2,2023,2,894,9,233801632,14,88,66,3,160,A,Brazilian Music
Locked Out Of Heaven,Bruno Mars,1,2012,12,1622,9,1481349984,0,0,356,0,144,F,Pop
Un Finde | CROSSOVER #2,"Big One, FMK, Ke personajes",3,2023,4,561,14,142095275,4,14,12,5,192,B,Latin Music
Counting Stars,OneRepublic,1,2013,1,29215,43,2011464183,179,97,3394,11,122,C#,Pop
One Dance,"Drake, WizKid, Kyla",3,2016,4,43257,24,2713922350,433,107,3631,0,104,C#,Rap/Hip Hop
Enchanted,Taylor Swift,1,2010,1,4564,16,621660989,24,101,113,0,164,G#,Country
Sure Thing,Miguel,1,2010,5,13801,19,950906471,137,125,435,6,81,B,R&B
Every Breath You Take - Remastered 2003,The Police,1,1983,1,22439,19,1593270737,211,74,929,0,117,C#,Rock
The Night We Met,Lord Huron,1,2015,2,18515,35,1410088830,70,82,939,1,174,D,Alternative
We Found Love,"Rihanna, Calvin Harris",2,2011,1,36843,21,1235005533,321,91,4607,1,128,C#,Pop
Let Me Down Slowly,Alec Benjamin,1,2018,5,5897,19,1374581173,0,0,885,0,150,C#,Pop
"Am I Dreaming (Metro Boomin & A$AP Rocky, Roisee)","A$AP Rocky, Metro Boomin, Roisee",3,2023,6,727,16,94186466,17,60,28,1,90,A,Rap/Hip Hop
Do I Wanna Know?,Arctic Monkeys,1,2013,1,33783,26,1788326445,133,92,2733,1,85,F,Alternative
Demons,Imagine Dragons,1,2012,1,26694,13,1840364617,65,82,3425,4,180,D#,Rap/Hip Hop
ýýýýýýýýýýýý,YOASOBI,1,2023,4,356,16,143573775,35,102,8,1,166,C#,Electro
Reminder,The Weeknd,1,2016,11,6518,17,684675814,45,85,238,1,160,G#,R&B
Shake It Off,Taylor Swift,1,2014,1,21335,13,1113838873,328,70,1378,9,160,G,Singer & Songwriter
Why'd You Only Call Me When You're High?,Arctic Monkeys,1,2013,1,23389,29,1267333350,54,70,1089,2,92,D,Alternative
Shape of You,Ed Sheeran,1,2017,1,32181,10,3562543890,33,0,6808,7,96,C#,Pop
Creep,Radiohead,1,1992,9,36724,7,1271293243,146,72,6807,5,92,G,Alternative
Car's Outside,James Arthur,1,2019,10,794,10,265882712,38,25,61,0,150,A,Pop
Apocalypse,Cigarettes After Sex,1,2017,3,13091,17,841749534,61,96,790,2,94,F,Alternative
Cheques,Shubh,1,2023,5,67,8,47956378,7,10,0,0,90,E,Rap/Hip Hop
Pink + White,Frank Ocean,1,2016,8,21574,30,806397070,112,68,266,1,160,A,Pop
Just The Way You Are,Bruno Mars,1,2010,1,21106,13,1641426668,82,0,2946,0,109,F,Rock
Take Me To Church,Hozier,1,2013,9,23804,31,2135158446,187,99,4623,1,129,E,Alternative
Bebe Dame,"Fuerza Regida, Grupo Frontera",2,2022,12,849,22,367316268,27,129,21,7,157,G,Traditional Mexicano
Titi Me Preguntï¿,Bad Bunny,1,2022,5,9037,42,1264310836,124,133,139,14,107,F,Latin Music
Better Than Revenge (Taylor's Version),Taylor Swift,1,2023,7,86,11,30343206,3,33,3,0,146,B,Country
Shut up My Moms Calling,Hotel Ugly,1,2020,2,1788,14,405136812,1,50,19,0,139,A,R&B
Es un Secreto,Plan B,1,2010,7,492,36,540654286,4,3,19,0,95,F#,Reggaeton
POLARIS - Remix,"Feid, Mora, Saiko, Quevedo",4,2023,6,773,33,57312735,20,46,21,8,170,G#,Latin Music
Ditto,NewJeans,1,2022,12,1154,22,397582059,28,125,11,1,134,F#,Asian Music
Take On Me,a-ha,1,1984,10,44927,17,1479115056,34,0,5108,6,84,F#,Pop
"Annihilate (Spider-Man: Across the Spider-Verse) (Metro Boomin & Swae Lee, Lil Wayne, Offset)","Swae Lee, Lil Wayne, Offset, Metro Boomin",4,2023,6,551,4,86773632,13,46,20,1,146,B,Rap/Hip Hop
"Angel Pt 1 (feat. Jimin of BTS, JVKE & Muni Long)","Kodak Black, NLE Choppa, Muni Long, JVKE, Jimin",5,2023,5,577,14,133753727,22,18,15,1,74,A#,Rap/Hip Hop
AMG,"Natanael Cano, Gabito Ballesteros, Peso Pluma",3,2022,11,995,19,463564958,12,117,9,5,136,B,Rap/Hip Hop
"Phir Aur Kya Chahiye (From ""Zara Hatke Zara Bachke"")","Arijit Singh, Sachin-Jigar, Amitabha Bhattacharya",3,2023,5,178,6,64533040,6,71,1,0,100,E,Asian Music
S-Class,Stray Kids,1,2023,6,290,19,65496046,9,101,5,0,105,F,Asian Music
Hits Different,Taylor Swift,1,2023,5,547,0,68616963,15,15,6,0,106,F,Pop
Chanel,"Becky G, Peso Pluma",2,2023,3,681,10,161460990,15,92,21,2,132,D,Traditional Mexicano
Self Love (Spider-Man: Across the Spider-Verse) (Metro Boomin & Coi Leray),"Metro Boomin, Coi Leray",2,2023,6,332,5,70106975,18,41,5,0,120,A,Rap/Hip Hop
Area Codes,"Kaliii, Kaliii",2,2023,3,1197,13,113509496,44,34,25,1,155,C#,Rap/Hip Hop
Abcdario,"Junior H, Eden Muï¿½ï",2,2023,5,262,5,89933133,8,60,4,1,129,G#,Latin Music
Obsessed,"Abhijay Sharma, Riar Saab",2,2022,9,161,6,71007139,10,79,2,0,135,F,Dance
FLOWER,JISOO,1,2023,3,839,18,232896922,20,110,20,0,124,A,Asian Music
"All The Way Live (Spider-Man: Across the Spider-Verse) (Metro Boomin & Future, Lil Uzi Vert)","Future, Lil Uzi Vert, Metro Boomin",3,2023,6,259,0,37126685,5,17,5,0,135,A,Rap/Hip Hop
Eyes Closed,Ed Sheeran,1,2023,3,2915,30,195576623,116,69,107,3,107,D,Pop
Escapism.,"RAYE, 070 Shake",2,2022,10,5129,25,532336353,116,84,114,18,96,D,Pop
La Jumpa,"Arcangel, Bad Bunny",2,2022,11,3794,34,538115192,47,77,53,10,123,G#,Latin Music
CHORRITO PA LAS ANIMAS,Feid,1,2022,12,2321,36,345031710,29,65,34,5,96,G#,Rap/Hip Hop
Ch y la Pizza,"Fuerza Regida, Natanael Cano",2,2022,12,536,10,288101651,10,72,8,3,149,G#,Traditional Mexicano
Snow On The Beach (feat. More Lana Del Rey),"Lana Del Rey, Taylor Swift",2,2023,5,359,2,60350538,1,0,9,0,110,F#,Pop
Players,Coi Leray,1,2022,11,4096,6,335074782,118,48,143,0,105,F#,Rap/Hip Hop
Bite Me,ENHYPEN,1,2023,5,349,69,76767396,8,96,5,0,105,C#,Asian Music
Stand By Me (feat. Morgan Wallen),"Lil Durk, Morgan Wallen",2,2023,5,381,5,46065667,23,82,6,0,134,B,Rap/Hip Hop
Normal,Feid,1,2022,7,2461,36,459276435,47,66,45,5,170,E,Rap/Hip Hop
Hummingbird (Metro Boomin & James Blake),"James Blake, Metro Boomin",2,2023,6,277,1,39666245,1,20,5,0,81,F#,Rap/Hip Hop
Seu Brilho Sumiu - Ao Vivo,"Israel & Rodolffo, Mari Fernandez",2,2023,3,967,5,138517666,7,29,51,1,154,F#,Brazilian Music
Bad Habit,Steve Lacy,1,2022,6,8186,12,822633917,155,72,131,16,169,C#,Pop
CUFF IT,Beyoncï¿,1,2022,7,7842,10,595900742,215,88,330,26,115,G,Pop
69,"Nicky Jam, Feid",2,2023,5,1134,22,57945987,39,14,48,2,93,G#,Rap/Hip Hop
Search & Rescue,Drake,1,2023,4,2066,6,175097833,58,70,43,0,142,A#,Rap/Hip Hop
AMERICA HAS A PROBLEM (feat. Kendrick Lamar),"Kendrick Lamar, Beyoncï¿",2,2023,5,896,0,57089066,34,2,33,0,126,C#,Pop
Lavender Haze,Taylor Swift,1,2022,10,3763,8,488386797,51,43,38,10,97,A#,Pop
Efecto,Bad Bunny,1,2022,5,4004,33,1047480053,34,65,43,6,98,G,Latin Music
Erro Gostoso - Ao Vivo,Simone Mendes,1,2023,1,984,5,153454328,8,57,76,2,154,F#,Brazilian Music
Cupido,Tini,1,2023,2,1240,24,217672943,51,29,63,4,120,A,Pop
Just Wanna Rock,Lil Uzi Vert,1,2022,10,3995,13,457184829,72,27,47,0,150,B,Rap/Hip Hop
Until I Found You,Stephen Sanchez,1,2021,9,4427,4,726434358,69,100,154,20,202,A#,Singer & Songwriter
Rich Flex,"Drake, 21 Savage",2,2022,11,4657,18,573633020,84,84,42,0,153,B,Rap/Hip Hop
Easy On Me,Adele,1,2021,10,10195,20,1406111294,258,87,657,22,142,F,Pop
Danger (Spider) (Offset & JID),"Offset, JID",2,2023,6,214,0,24975653,3,3,6,0,143,B,Rap/Hip Hop
Oi Balde - Ao Vivo,Zï¿½ï¿½ Neto & Crist,1,2023,2,845,2,145458418,12,57,47,1,108,D,Brazilian Music
The Real Slim Shady,Eminem,1,2000,1,20763,27,1424589568,81,53,3271,1,104,F,Rap/Hip Hop
MERCHO,"Migrantes, LiL CaKe, Nico Valdi",3,2022,12,1267,20,231332117,41,22,56,4,93,F#,Rap/Hip Hop
The Color Violet,Tory Lanez,1,2021,12,2585,32,415932686,3,79,21,1,105,F#,R&B
Glimpse of Us,Joji,1,2022,6,6330,6,988515741,109,42,158,3,170,G#,Alternative
Mejor Que Yo,"Mambo Kingz, DJ Luian, Anuel Aa",3,2023,5,675,1,50847624,9,13,11,0,178,C#,Reggaeton
Curtains,Ed Sheeran,1,2023,5,715,0,39893489,37,3,27,0,176,F#,Pop
UNFORGIVEN (feat. Nile Rodgers),"Nile Rodgers, LE SSERAFIM",2,2023,5,327,13,92035115,14,110,9,0,104,E,Asian Music
Haegeum,Agust D,1,2023,4,244,12,118810253,6,84,10,2,85,G,Asian Music
Never Felt So Alone,Labrinth,1,2023,4,1730,3,117747907,46,5,51,0,98,F,Alternative
X SI VOLVEMOS,"Karol G, Romeo Santos",2,2023,2,2127,33,266624541,45,80,53,8,178,C#,Rap/Hip Hop
ceilings,Lizzy McAlpine,1,2022,4,3242,9,293186992,67,55,48,0,148,A,Alternative
Cupid,Fifty Fifty,1,2023,2,526,10,139681964,15,93,30,0,120,D,Asian Music
I AM,IVE,1,2023,4,366,15,123132751,16,102,7,0,122,E,Asian Music
Shorty Party,"Cartel De Santa, La Kelly",2,2023,3,432,12,162887075,8,14,12,2,96,D,Rap/Hip Hop
Super,SEVENTEEN,1,2023,4,271,12,91221625,16,103,9,0,137,G#,Asian Music
Slut Me Out,NLE Choppa,1,2022,4,816,4,190490915,21,4,13,0,121,F#,Rap/Hip Hop
Double Fantasy (with Future),"The Weeknd, Future",2,2023,4,1169,0,96180277,36,65,28,0,119,A,Rap/Hip Hop
All Of The Girls You Loved Before,Taylor Swift,1,2019,8,1282,6,185240616,26,6,19,0,96,D,Pop
PROVENZA,Karol G,1,2022,4,6587,34,885093467,114,104,147,11,111,C#,Rap/Hip Hop
Di Que Si,"Grupo Marca Registrada, Grupo Frontera",2,2023,2,356,10,147290338,4,64,4,2,182,A,Traditional Mexicano
Igualito a Mi Apï¿,"Fuerza Regida, Peso Pluma",2,2022,12,265,6,158950978,8,84,5,1,145,E,Traditional Mexicano
Komang,Raim Laode,1,2022,8,158,4,137123880,5,6,1,1,134,G,Alternative
DESPECHï¿,ROSALï¿½,1,2022,7,7613,33,782369383,180,90,422,15,130,G,Pop
Made You Look,Meghan Trainor,1,2022,10,3956,6,502574952,142,23,127,3,145,A#,Pop
Watch This - ARIZONATEARS Pluggnb Remix,"sped up nightcore, ARIZONATEARS, Lil Uzi Vert",3,2023,2,1638,10,207033255,0,0,21,0,130,B,Rap/Hip Hop
Punto G,Quevedo,1,2022,11,1985,35,381161027,34,26,37,5,92,B,Reggaeton
Lovers Rock,TV Girl,1,2014,6,6339,13,466231982,3,1,36,1,105,F,Pop
METAMORPHOSIS,INTERWORLD,1,2021,11,1561,24,357580552,18,78,24,0,175,G,Electro
Mami Chula,"Quevedo, Jhayco",2,2023,4,875,4,61105704,17,13,27,0,120,G,Rap/Hip Hop
En Paris,"El Chachito, Junior H",2,2022,12,406,5,198275403,3,31,2,1,139,D#,Latin Music
I Was Never There,"The Weeknd, Gesaffelstein",2,2018,3,4188,15,705469769,30,70,142,0,114,A#,R&B
Don't ever say love me (feat. RM of BTS),"RM, Colde",2,2023,5,105,0,34502215,5,9,5,0,145,B,R&B
Gato de Noche,"Nengo Flow, Bad Bunny",2,2022,12,2651,30,304118600,21,55,32,3,94,G#,Reggaeton
Call Out My Name,The Weeknd,1,2018,3,11087,6,1449799467,151,107,801,1,134,C#,R&B
Like Crazy (English Version),Jimin,1,2023,3,373,19,173627354,4,72,5,0,120,G,Asian Music
Rosa Pastel,"Jasiel Nuï¿½ï¿½ez, Peso P",2,2023,2,200,4,90025258,8,77,2,1,123,G,Pop
Sunroof,"Nicky Youre, Dazy",2,2021,12,3741,17,652704649,156,35,110,19,131,A#,Pop
Lose Yourself - Soundtrack Version,Eminem,1,2002,1,32502,21,1829992958,247,54,5567,1,171,D,Rap/Hip Hop
Superman,"Eminem, Dina Rae",2,2002,5,7615,14,655466831,18,51,1005,0,130,E,Rap/Hip Hop
Mas Rica Que Ayer,"Mambo Kingz, DJ Luian, Anuel Aa",3,2023,3,1208,34,146409671,10,41,20,0,94,B,Reggaeton
People Pt.2 (feat. IU),"IU, Agust D",2,2023,4,209,4,95816024,4,45,11,2,89,G,Asian Music
REMIX EXCLUSIVO,Feid,1,2023,3,1235,9,117206995,20,8,15,0,87,F,Rap/Hip Hop
DOGTOOTH,"Tyler, The Creator",2,2023,3,1479,0,80758350,23,0,18,0,78,G#,Rap/Hip Hop
10:35,"Tiï¿½ï¿½sto, Tate M",2,2022,11,4942,26,325592432,190,104,147,18,120,G#,Dance
SORRY NOT SORRY,"Tyler, The Creator",2,2023,3,709,0,58473276,8,1,13,0,96,F#,Pop
HAPPY,NF,1,2023,3,660,0,52722996,22,7,11,0,106,G,Rap/Hip Hop
La Bebe,Yng Lvcas,1,2021,12,489,17,191945597,4,11,5,1,170,D,Latin Music
I Know - PR1SVX Edit,"Kanii, PR1ISVX",2,2023,3,407,0,77377503,16,15,5,0,134,B,Dance
Late Night Talking,Harry Styles,1,2022,5,7461,8,743693613,166,42,199,16,115,A#,Pop
Something in the Orange,Zach Bryan,1,2022,4,3282,12,449701773,67,84,46,16,110,G,Country
VOID,Melanie Martinez,1,2023,3,596,0,67070410,29,9,12,0,100,A,Alternative
Dijeron Que No La Iba Lograr,"Fuerza Regida, Chino Pacas",2,2023,3,320,6,116334601,5,48,2,1,142,G,Traditional Mexicano
If We Ever Broke Up,Mae Stephens,1,2023,2,2040,4,165584767,81,27,66,9,116,G,Pop
You Proof,Morgan Wallen,1,2022,5,2128,9,367814306,37,88,9,0,120,A,Country
LA INOCENTE,"Feid, Mora",2,2022,4,2598,37,477033549,28,57,43,8,92,F,Latin Music
Malas Decisiones,Kenia OS,1,2022,10,542,2,156214700,23,2,21,0,110,G#,Pop
Murder In My Mind,Kordhell,1,2022,1,2459,20,448843705,20,68,50,0,120,A#,Electro
CAIRO,"Karol G, Ovy On The Drums",2,2022,11,2418,26,294352144,52,66,55,1,115,F,Rap/Hip Hop
I Love You So,The Walters,1,2014,11,7536,7,972164968,44,19,135,0,76,A#,Alternative
Dark Red,Steve Lacy,1,2017,2,10431,7,920045682,71,53,181,0,172,F#,R&B
Say You Won't Let Go,James Arthur,1,2016,9,15722,16,2420461338,231,37,1509,0,99,A#,Pop
Heart To Heart,Mac DeMarco,1,2019,5,1640,0,244658767,27,27,29,1,150,G#,Alternative
Peaches (from The Super Mario Bros. Movie),Jack Black,1,2023,4,34,0,68216992,0,0,0,0,92,A#,Latin Music
Marisola - Remix,"Duki, NICKI NICOLE, Cris Mj, Standly, Stars Music Chile",5,2022,12,1845,16,223582566,20,8,30,2,95,C#,Reggaeton
LOKERA,"Brray, Rauw Alejandro, Lyanno",3,2022,7,3301,30,471819764,72,64,64,6,102,B,Rap/Hip Hop
Numb,Linkin Park,1,2003,3,20111,5,1361425037,39,0,7341,0,110,A,Dance
on the street (with J. Cole),"j-hope, J. Cole",2,2023,3,615,2,116599790,22,82,8,0,94,B,Asian Music
One Thing At A Time,Morgan Wallen,1,2022,12,811,4,148469433,11,58,5,0,142,G,Country
Miss You,"Robin Schulz, Oliver Tree",2,2022,8,5730,10,497225336,108,16,197,3,145,F#,Dance
Private Landing (feat. Justin Bieber & Future),"Don Toliver, Future, Justin Bieber",3,2023,2,1190,0,105062254,29,3,18,0,137,C#,Rap/Hip Hop
Everything I Love,Morgan Wallen,1,2023,1,579,0,95623148,11,54,0,0,104,G#,Country
Heaven,Niall Horan,1,2023,2,1553,2,144584800,61,6,48,0,92,F,Dance
LET GO,Central Cee,1,2022,12,2301,20,298063749,49,23,110,0,146,D,Rap/Hip Hop
Sial,Mahalini,1,2023,1,134,4,166570053,4,6,0,0,120,D,Asian Music
I Wrote The Book,Morgan Wallen,1,2023,1,430,0,83021468,15,17,0,0,144,D,Country
"Apna Bana Le (From ""Bhediya"")","Arijit Singh, Sachin-Jigar",2,2022,11,86,0,139836056,11,101,0,0,94,A,Films/Games
Red Ruby Da Sleeze,Nicki Minaj,1,2023,3,1168,0,81419389,45,11,20,0,98,C#,Rap/Hip Hop
Kahani Suno 2.0,Kaifi Khalil,1,2022,5,162,6,156777415,1,10,1,0,140,B,R&B
Nobody Gets Me,SZA,1,2022,12,2536,6,284908316,59,100,58,13,100,G,R&B
PERO Tï¿,"Karol G, Quevedo",2,2023,2,387,11,93438910,11,15,14,3,140,F#,Rap/Hip Hop
Hype Boy,NewJeans,1,2022,8,892,17,363472647,20,119,12,2,100,E,Asian Music
Bloody Mary,Lady Gaga,1,2011,1,3909,0,372476382,66,26,277,3,100,A,Dance
WANDA,Quevedo,1,2023,1,888,22,175399345,11,24,7,1,176,E,Reggaeton
Thought You Should Know,Morgan Wallen,1,2022,5,968,4,203221468,16,53,1,0,140,F#,Country
In The End,Linkin Park,1,2000,10,25065,6,1624165576,63,0,6808,2,105,D#,Alternative
Zona De Perigo,Leo Santana,1,2022,12,531,4,134294498,20,1,71,2,135,F,Brazilian Music
Lovezinho,Treyce,1,2022,7,242,0,70069745,12,2,13,0,128,E,Soul & Funk
I Like You (A Happier Song) (with Doja Cat),"Post Malone, Doja Cat",2,2022,6,5281,14,609293408,94,21,80,15,101,F,Pop
Neverita,Bad Bunny,1,2022,5,2590,30,671365962,20,64,35,6,122,A#,Latin Music
Enemy (with JID) - from the series Arcane League of Legends,"Imagine Dragons, League of Legends, JID, Arcane",4,2021,9,6180,7,1223481149,122,88,580,21,77,B,Pop
Revenge,XXXTENTACION,1,2017,8,3600,11,1022258230,7,0,203,0,140,B,Rap/Hip Hop
Bombonzinho - Ao Vivo,"Israel & Rodolffo, Ana Castela",2,2022,11,1254,6,263453310,26,69,73,2,158,C#,Brazilian Music
Love Again,The Kid Laroi,1,2023,1,1283,0,147538971,57,4,48,0,107,B,Pop
After Hours,The Weeknd,1,2020,2,8084,6,698086140,45,115,218,1,109,F,R&B
About Damn Time,Lizzo,1,2022,7,2332,2,723894473,0,0,25,0,109,A#,Pop
Besos Moja2,"Wisin & Yandel, ROSALï¿½",2,2022,9,2460,13,309483971,53,7,56,3,94,F,Rap/Hip Hop
Maan Meri Jaan,King,1,2022,10,288,6,319566866,11,80,1,0,96,F#,Pop
Moscow Mule,Bad Bunny,1,2022,5,4572,33,909001996,74,113,85,9,100,F,Latin Music
My Universe,"Coldplay, BTS",2,2021,9,6127,13,1061966512,0,0,0,0,105,A,Alternative
LLYLM,ROSALï¿½,1,2023,1,1838,0,124988687,105,41,114,1,170,F#,Pop
TRUSTFALL,P!nk,1,2023,1,2098,16,134255790,88,24,101,7,122,G#,Pop
ANTIFRAGILE,LE SSERAFIM,1,2022,10,761,12,301051721,23,95,11,0,105,A#,Asian Music
Boy's a liar,PinkPantheress,1,2022,11,1225,0,156338624,27,0,28,13,133,F,Pop
Shirt,SZA,1,2022,10,3469,0,309653982,71,95,31,0,120,D#,Pop
Lift Me Up - From Black Panther: Wakanda Forever - Music From and Inspired By,Rihanna,1,2022,10,3311,0,297328960,129,31,212,1,177,A,Pop
STAR WALKIN' (League of Legends Worlds Anthem),Lil Nas X,1,2022,9,2616,0,332506354,113,17,208,0,142,D,Pop
"Sex, Drugs, Etc.",Beach Weather,1,2016,11,3006,16,480507035,47,60,87,12,144,E,Alternative
Boy With Luv (feat. Halsey),"Halsey, BTS",2,2019,4,4260,0,1065580332,113,92,259,0,120,B,Asian Music
"Hey, Mickey!",Baby Tate,1,2016,9,482,0,122763672,9,1,12,4,135,D,Rap/Hip Hop
Jhoome Jo Pathaan,"Arijit Singh, Vishal Dadlani, Sukriti Kakar, Vishal-Shekhar, Shekhar Ravjiani, Kumaar",6,2022,12,138,4,1365184,13,78,2,0,105,G,Asian Music
Escapism. - Sped Up,"RAYE, 070 Shake",2,2022,11,1368,0,184308753,12,1,11,0,108,F#,Pop
Te Felicito,"Shakira, Rauw Alejandro",2,2022,4,4796,9,606361689,124,66,212,13,174,F,Pop
TV,Billie Eilish,1,2022,7,3009,2,338564981,68,89,65,0,141,E,Alternative
I'm Not The Only One,Sam Smith,1,2014,1,17492,3,1606986953,136,24,1959,0,82,F,Pop
Heather,Conan Gray,1,2020,3,6170,7,1301799902,82,1,231,0,92,F,Pop
"Besharam Rang (From ""Pathaan"")","Vishal-Shekhar, Shilpa Rao, Caralisa Monteiro, Kumaar, Vishal Dadlani, Shekhar Ravjiani",6,2022,12,130,4,140187018,21,79,2,0,116,G#,Asian Music
Sugar Rush Ride,TOMORROW X TOGETHER,1,2023,1,359,0,107642809,12,56,13,0,125,A#,Asian Music
WAIT FOR U (feat. Drake & Tems),"Drake, Future, Tems",3,2022,4,5491,14,556585270,128,84,75,0,83,C#,Rap/Hip Hop
Don't Start Now,Dua Lipa,1,2019,10,27119,0,2303033973,532,77,1535,3,124,B,Pop
After Dark,Mr.Kitty,1,2014,8,1776,14,646886885,1,9,3,0,140,G#,Alternative
MIDDLE OF THE NIGHT,Elley Duhï¿,1,2020,1,4057,8,872137015,78,21,240,1,186,E,Pop
Atlantis,Seafret,1,2015,4,3045,6,571386359,43,53,134,1,166,G#,Alternative
Evoque Prata,"DJ Escobar, MC MENOR SG, MC MENOR HR",3,2022,9,852,0,174006928,14,1,50,0,87,G,Soul & Funk
How Do I Say Goodbye,Dean Lewis,1,2022,8,2163,15,284785823,72,97,58,0,82,G#,Singer & Songwriter
Blind,SZA,1,2022,12,1484,0,163284000,22,51,12,0,114,A,Rock
Die For You,Joji,1,2022,11,1703,0,246390068,38,45,36,16,148,G#,R&B
Doja,Central Cee,1,2022,7,4169,44,482257456,57,44,183,1,140,F#,Rap/Hip Hop
Gatita,Bellakath,1,2022,10,1054,0,168684524,9,0,15,0,101,G,Latin Music
Rumble,"Skrillex, Flowdan, Fred again..",3,2022,1,2849,0,78489819,39,45,27,0,140,C#,Electro
Yonaguni,Bad Bunny,1,2021,6,9644,28,1260594497,120,86,164,4,180,C#,Reggaeton
Super Freaky Girl,Nicki Minaj,1,2022,8,4827,0,428685680,104,17,76,9,133,D,Rap/Hip Hop
Running Up That Hill (A Deal With God),Kate Bush,1,1985,9,21811,0,1024858327,117,1,676,3,108,A#,Pop
Dream On,Aerosmith,1,1973,1,168,0,838586769,0,0,5,0,80,F,Rock
Limbo,Freddie Dredd,1,2022,8,688,0,199386237,14,1,17,0,75,B,Rap/Hip Hop
Where Are You Now,"Lost Frequencies, Calum Scott",2,2021,7,10565,44,972509632,238,122,557,17,121,F#,Electro
WORTH NOTHING,"Twisted, Oliver Tree",2,2022,9,1612,0,213438580,34,54,34,0,140,D,Electro
KICK BACK,Kenshi Yonezu,1,2022,10,574,4,210038833,38,101,26,0,102,C#,Asian Music
Good Days,SZA,1,2020,12,10426,2,826623384,133,109,182,1,121,C#,Pop
Levitating (feat. DaBaby),"Dua Lipa, DaBaby",2,2020,3,15894,8,1802514301,198,13,544,0,103,F#,Pop
Shut up My Moms Calling - (Sped Up),Hotel Ugly,1,2022,9,713,7,181831132,2,4,6,0,85,F,R&B
Ferrari,"James Hype, Miggy Dela Rosa",2,2022,3,7758,28,462791599,173,79,175,0,125,C#,Dance
"You're On Your Own, Kid",Taylor Swift,1,2022,10,2537,2,348647203,8,18,20,0,120,D,Pop
Let It Snow! Let It Snow! Let It Snow!,Dean Martin,1,1959,11,6512,0,446390129,88,1,277,0,134,C#,Pop
Underneath the Tree,Kelly Clarkson,1,2013,10,6596,0,485285717,144,99,251,0,160,G#,Pop
Feliz Navidad,Josï¿½ï¿½ Felic,1,1970,11,3788,0,520034544,21,3,10,0,148,D,Classical
Seek & Destroy,SZA,1,2022,12,1007,0,98709329,5,31,1,0,152,C#,R&B
Love Language,SZA,1,2022,12,1127,0,110849052,16,63,8,0,65,A,R&B
Happy Xmas (War Is Over),"John Lennon, The Harlem Community Choir, The Plastic Ono Band, Yoko Ono",4,1971,12,10829,0,460492795,130,1,390,0,147,D,Rock
Used (feat. Don Toliver),"SZA, Don Toliver",2,2022,12,1042,0,94005786,7,29,3,0,150,A#,R&B
Wonderful Christmastime - Edited Version / Remastered 2011,Paul McCartney,1,1979,11,1685,0,403939487,1,0,29,0,95,B,Pop
Ghost in the Machine (feat. Phoebe Bridgers),"SZA, Phoebe Bridgers",2,2022,12,1634,0,110073250,16,20,4,0,125,F#,R&B
Merry Christmas Everyone,Shakin' Stevens,1,1984,1,1087,0,351636786,90,35,5,0,101,C#,Pop
Let It Snow! Let It Snow! Let It Snow!,"Frank Sinatra, B. Swanson Quartet",2,1950,1,10585,0,473248298,126,108,406,0,143,D,Pop
SOS,SZA,1,2022,12,827,0,73981293,6,18,1,0,119,G,Pop
Open Arms (feat. Travis Scott),"SZA, Travis Scott",2,2022,12,1420,4,155653938,13,87,17,0,78,A,R&B
Gone Girl,SZA,1,2022,12,892,0,65362788,3,17,2,0,150,F,R&B
F2F,SZA,1,2022,12,989,0,67540165,5,9,1,0,90,D,R&B
Notice Me,SZA,1,2022,12,819,0,62019074,14,22,0,0,160,F,R&B
Wild Flower (with youjeen),RM,1,2022,12,353,2,135611421,2,74,14,0,155,G#,Asian Music
I Hate U,SZA,1,2021,12,4094,0,356709897,66,96,43,0,107,G,R&B
Smoking on my Ex Pack,SZA,1,2022,12,811,0,57144458,6,11,3,0,81,G#,R&B
Conceited,SZA,1,2022,12,899,0,56870689,2,14,2,0,150,C#,Pop
Snow On The Beach (feat. Lana Del Rey),"Taylor Swift, Lana Del Rey",2,2022,10,2415,0,323437194,33,57,30,0,110,A,Pop
Maroon,Taylor Swift,1,2022,10,2304,0,317726339,12,16,14,0,108,G,Pop
Bejeweled,Taylor Swift,1,2022,10,2699,0,328207708,39,35,22,2,164,G,Pop
Tarot,"Bad Bunny, Jhay Cortez",2,2022,5,2482,20,608228647,27,77,22,2,114,B,Latin Music
You Make It Feel Like Christmas (feat. Blake Shelton),"Gwen Stefani, Blake Shelton",2,2005,9,2577,0,180577478,108,56,30,0,93,F,Electro
Desesperados,"Chencho Corleone, Rauw Alejandro",2,2021,6,6821,34,809306935,83,58,128,7,90,C#,African Music
Too Late,SZA,1,2022,12,714,0,49262961,0,9,2,0,128,B,R&B
Party,"Bad Bunny, Rauw Alejandro",2,2022,5,3185,4,614555082,38,64,37,3,97,A,Latin Music
Far,SZA,1,2022,12,680,0,51641685,2,15,1,0,116,D,R&B
Is There Someone Else?,The Weeknd,1,2022,1,2881,6,391251368,13,89,34,0,135,A,R&B
Fingers Crossed,"Lauren Spencer Smith, Lauren Spencer Smith, Lauren Spencer Smith",3,2022,1,2235,0,349585590,65,7,70,16,109,F,Pop
Do It To It,"Cherish, ACRAZE",2,2021,8,12403,0,674772936,183,63,465,0,125,B,Dance
How Do I Make You Love Me?,The Weeknd,1,2022,1,1915,0,119238316,7,47,15,0,121,G,R&B
Gasoline,The Weeknd,1,2022,1,2297,0,116903579,11,29,14,0,123,F#,Rock
Infinity,Jaymes Young,1,2017,6,4375,0,888046992,24,0,396,0,122,B,Alternative
Best Friends,The Weeknd,1,2022,1,1292,0,101114984,3,18,14,0,87,E,R&B
Kiss Me More (feat. SZA),"SZA, Doja Cat",2,2021,4,15867,0,1575467011,382,65,497,0,111,G#,Pop
Dawn FM,The Weeknd,1,2022,1,811,0,53933526,1,8,6,0,78,A,R&B
Surface Pressure,Jessica Darrow,1,2021,11,1756,0,267758538,38,48,20,0,180,D,Films/Games
Starry Eyes,The Weeknd,1,2022,1,1014,0,74601456,1,17,11,0,86,A,R&B
THATS WHAT I WANT,Lil Nas X,1,2021,9,7963,0,920797189,173,7,298,0,88,C#,Pop
Beggin,Mï¿½ï¿½ne,1,2017,12,8559,0,1367810478,183,64,964,9,134,B,Pop
Mon Amour - Remix,"Aitana, zzoilo",2,2020,9,3221,2,578207856,67,13,139,0,116,D,Christian
The Motto,"Tiï¿½ï¿½sto, Ava",2,2021,11,9151,6,656013912,240,107,268,0,118,G,Pop
Oh My God,Adele,1,2021,11,4431,0,466214729,105,7,199,0,88,C#,Pop
Entre Nosotros (Remix) [con Nicki Nicole],"Lit Killah, Maria Becerra, Tiago pzk, NICKI NICOLE",4,2022,1,759,3,236940480,32,0,12,0,170,F,Rap/Hip Hop
A Tale By Quincy,The Weeknd,1,2022,1,733,0,41924466,0,2,2,0,94,F,R&B
I AM WOMAN,Emmy Meli,1,2021,11,2795,0,225259194,45,0,107,0,170,A#,Pop
Medallo,"Justin Quiles, Lenny Tavï¿½ï¿½rez, BL",3,2021,10,2780,2,393230256,54,21,57,1,90,E,Rap/Hip Hop
It'll Be Okay,Shawn Mendes,1,2021,12,1950,0,287201015,56,8,104,0,78,G,Pop
Softcore,The Neighbourhood,1,2018,3,3947,12,599770206,33,102,93,0,94,D,Alternative
Super Gremlin,Kodak Black,1,2021,10,2551,0,342779426,52,15,35,0,73,D,Rap/Hip Hop
Volvï¿,"Aventura, Bad Bunny",2,2021,8,5375,10,673801126,138,24,133,0,176,C#,Reggaeton
Todo De Ti,Rauw Alejandro,1,2020,11,11975,8,1168642797,188,75,268,6,128,D#,Dance
Smokin Out The Window,"Bruno Mars, Anderson .Paak, Silk Sonic",3,2021,11,4963,0,383550148,63,40,76,0,82,D,Pop
Meet Me At Our Spot,"THE ANXIETY, Willow, Tyler Cole",3,2020,3,6734,0,530511203,47,14,90,0,95,D,Alternative
Tacones Rojos,Sebastian Yatra,1,2021,10,3047,9,510876816,77,31,85,5,123,B,Pop
Dakiti,"Bad Bunny, Jhay Cortez",2,2020,10,11215,21,1763363713,189,166,525,9,110,E,Latin Music
"Tiago PZK: Bzrp Music Sessions, Vol. 48","Bizarrap, Tiago pzk",2,2021,12,1678,12,374191487,20,4,15,1,96,C#,Reggaeton
Butter,BTS,1,2021,5,4779,6,1143647827,180,135,223,0,110,G#,Asian Music
pushin P (feat. Young Thug),"Young Thug, Future, Gunna",3,2022,1,3517,0,311395144,54,28,43,0,78,C#,Rap/Hip Hop
You Right,"Doja Cat, The Weeknd",2,2021,6,5073,0,672656250,83,9,100,0,129,G#,Pop
deja vu,Olivia Rodrigo,1,2021,4,7545,4,1256880657,117,39,141,0,181,A,Pop
TO THE MOON,Jnr Choi,1,2021,11,2979,0,245095641,44,0,159,0,144,D,Rap/Hip Hop
Lost in the Fire,"The Weeknd, Gesaffelstein",2,2019,1,7731,2,686734357,110,145,447,0,101,D,Electro
Volando - Remix,"Sech, Bad Bunny, Mora",3,2021,7,3272,19,610045621,101,34,70,1,154,F#,Latin Music
Leave The Door Open,"Bruno Mars, Anderson .Paak, Silk Sonic",3,2021,3,14417,0,1115880852,237,123,569,0,148,F,Pop
Don't Be Shy,"Tiï¿½ï¿½sto, Kar",2,2021,8,6026,0,566954746,171,51,187,1,120,B,Dance
The Family Madrigal,"Olga Merediz, Stephanie Beatriz, Encanto - Cast",3,2021,11,1150,0,184937148,20,38,12,0,141,C#,Films/Games
Phantom Regret by Jim,The Weeknd,1,2022,1,768,0,31959571,1,1,3,0,108,A,R&B
Freaks,Surf Curse,1,2015,5,3006,3,824420218,23,21,121,0,180,A,Alternative
Acapulco,Jason Derulo,1,2021,9,3098,0,363467642,111,5,182,1,122,A#,Pop
Daddy Issues,The Neighbourhood,1,2015,10,9771,4,1127468248,42,70,384,0,85,A#,Alternative
thought i was playing,"21 Savage, Gunna",2,2022,1,807,0,60680939,3,0,5,0,148,C#,Rap/Hip Hop
ELEVEN,IVE,1,2021,12,521,1,247737946,17,89,11,0,120,A,Asian Music
What Else Can I Do?,"Stephanie Beatriz, Diane Guerrero",2,2021,11,802,0,154797871,13,27,8,0,120,E,Films/Games
Miserable Man,David Kushner,1,2022,1,788,0,124407432,13,0,32,1,110,A#,Pop
happier,Olivia Rodrigo,1,2021,5,3069,4,850608354,25,46,105,0,169,F#,Pop
Praise God,Kanye West,1,2021,8,4651,0,376333030,24,6,105,0,118,C#,Rap/Hip Hop
Get Into It (Yuh),Doja Cat,1,2021,6,4999,0,516784627,43,19,73,12,92,G#,Pop
Before You Go,Lewis Capaldi,1,2019,11,8327,24,1608045237,205,130,625,0,112,D#,Alternative
Sky,Playboi Carti,1,2020,12,3297,3,506778838,25,3,52,0,140,D,Rap/Hip Hop
Rolling in the Deep,Adele,1,2010,11,35684,6,1472799873,195,125,6280,2,105,G#,Pop
Sobrio,Maluma,1,2021,7,3506,10,513643924,103,76,100,1,178,F,Rap/Hip Hop
Peru,"Ed Sheeran, Fireboy DML",2,2021,12,2999,0,261286503,60,17,154,0,108,G,Pop
favorite crime,Olivia Rodrigo,1,2021,5,3681,0,783706581,20,21,99,0,173,A,Pop
Thunder,"Prezioso, Gabry Ponte, LUM!X",3,2021,5,4846,10,422691058,54,16,259,0,101,C#,Dance
The Business,Tiï¿½ï¿,1,2020,1,14311,0,1062345656,255,32,582,0,120,G#,Dance
I WANNA BE YOUR SLAVE,Mï¿½ï¿½ne,1,2021,3,4873,0,851070493,65,88,434,3,133,C#,Pop
The Feels,TWICE,1,2021,10,1150,0,345903614,20,99,44,0,120,A,Alternative
No Lie,"Sean Paul, Dua Lipa",2,2016,11,7370,0,956865266,92,127,1219,0,102,G,Reggae
OUT OUT (feat. Charli XCX & Saweetie),"Charli XCX, Jax Jones, Joel Corry, Saweetie",4,2021,8,6890,0,427486004,122,11,201,0,124,G#,Dance
Pope Is a Rockstar,SALES,1,2016,4,1966,0,156658366,4,2,50,0,90,E,Pop
2055,Sleepy hallow,1,2021,4,2226,0,624515457,29,0,44,0,161,F#,Rap/Hip Hop
Bored,Billie Eilish,1,2017,3,4204,0,777765388,39,45,250,0,120,G,Alternative
Astronaut In The Ocean,Masked Wolf,1,2019,1,7191,0,1138474110,146,18,478,0,150,E,Rap/Hip Hop
Ley Seca,"Anuel Aa, Jhay Cortez",2,2021,9,2012,0,355219175,101,12,38,0,105,G#,Rap/Hip Hop
Every Summertime,NIKI,1,2021,8,1211,2,290228626,30,2,5,0,79,F#,Pop
Talking To The Moon,Bruno Mars,1,2010,10,7109,2,1062956628,5,0,862,0,146,C#,Pop
you broke me first,Tate McRae,1,2020,4,6638,0,1180094974,167,19,318,0,124,E,Pop
The Nights,Avicii,1,2014,1,17354,8,1456081449,92,122,1282,0,126,F#,Dance
Enemy - from the series Arcane League of Legends,"Imagine Dragons, League of Legends, Arcane",3,2021,10,824,0,1223481149,8,8,8,2,77,G,Alternative
Lucid Dreams,Juice WRLD,1,2017,6,14749,0,2288695111,188,34,710,0,84,B,Rap/Hip Hop
All of Me,John Legend,1,2013,8,27221,0,2086124197,308,118,4534,2,120,G#,Pop
Smells Like Teen Spirit - Remastered 2021,Nirvana,1,1991,9,49991,9,1690192927,265,121,12367,4,117,C#,Rock
Bar,"Tini, L-Gante",2,2021,11,755,4,200972675,22,3,0,0,94,C#,Pop
The Rumbling (TV Size),SiM,1,2022,1,254,0,71014967,0,4,23,0,145,G#,Rock
Mr. Brightside,The Killers,1,2003,9,51979,15,1806617704,306,99,5063,2,148,C#,Rock
Blessed-Cursed,ENHYPEN,1,2022,1,246,0,77337771,2,12,10,0,127,E,Asian Music
AM Remix,"J Balvin, Nio Garcia, Bad Bunny",3,2021,6,6556,0,528544703,93,5,67,1,172,F#,Reggaeton
Streets,Doja Cat,1,2019,11,5728,0,865640097,85,87,179,0,90,B,R&B
Shallow,"Lady Gaga, Bradley Cooper",2,2018,9,16636,12,2159346687,368,155,2854,6,96,G,Films/Games
Polaroid Love,ENHYPEN,1,2022,1,461,0,211372494,10,56,17,0,138,G,Asian Music
Permission to Dance,BTS,1,2021,7,1801,2,608334048,77,134,74,0,125,A,Asian Music
Friday (feat. Mufasa & Hypeman) - Dopamine Re-Edit,"Riton, Nightcrawlers, Mufasa & Hypeman, Dopamine",4,2021,1,12043,0,863756573,209,54,710,0,123,D,Dance
RAPSTAR,Polo G,1,2021,4,4731,0,797402345,141,12,78,0,81,F#,Rap/Hip Hop
'Till I Collapse,"Eminem, Nate Dogg",2,2002,5,22923,0,1695712020,78,46,2515,1,171,C#,Rap/Hip Hop
Memories,Maroon 5,1,2019,9,9974,2,1759567999,272,67,1066,1,91,B,Pop
Se Le Ve,"Arcangel, De La Ghetto, Justin Quiles, Lenny Tavï¿½ï¿½rez, Sech, Dalex, Dimelo Flow, Rich Music",8,2021,8,1560,0,223319934,72,0,0,0,84,G,Rap/Hip Hop
25k jacket (feat. Lil Baby),"Gunna, Lil Baby",2,2022,1,620,0,54937991,17,3,3,0,115,F,Rap/Hip Hop
MAMIII,"Karol G, Becky G",2,2022,2,6809,28,716591492,151,102,175,5,94,E,Pop
Still D.R.E.,"Dr. Dre, Snoop Dogg",2,1999,1,33966,0,1210599487,141,78,6591,1,93,B,Rap/Hip Hop
Stay Alive (Prod. SUGA of BTS),Jung Kook,1,2022,2,590,5,246376690,4,113,20,0,130,D,Asian Music
Boyfriend,Dove Cameron,1,2022,2,3766,0,496311364,76,0,102,0,180,G,Alternative
The Next Episode,"Dr. Dre, Snoop Dogg",2,1999,1,31762,0,843309044,142,40,5451,1,95,D#,Rap/Hip Hop
Light Switch,Charlie Puth,1,2022,1,4049,0,500340342,119,6,85,1,184,F#,Pop
City of Gods,"Kanye West, Alicia Keys, Fivio Foreign",3,2022,2,2096,0,107255472,34,3,30,0,147,G#,Rap/Hip Hop
Brividi,"Mahmood, Blanco",2,2022,2,1175,0,135079152,34,1,31,0,123,G,Pop
Lost,Frank Ocean,1,2012,1,29499,11,822239726,124,27,587,0,123,A#,Alternative
In Da Club,50 Cent,1,2002,1,30427,7,1202722675,235,106,5221,1,90,F#,Rap/Hip Hop
she's all i wanna be,Tate McRae,1,2022,2,2711,0,343197054,105,12,51,0,160,D,Pop
Ginseng Strip 2002,Yung Lean,1,2013,8,4310,0,240769997,13,0,113,1,115,C#,Rap/Hip Hop
All For Us - from the HBO Original Series Euphoria,"Labrinth, Zendaya",2,2019,8,5342,0,426204830,33,123,7,0,141,D#,Films/Games
Notion,The Rare Occasions,1,2016,8,2393,0,421135627,22,13,65,0,160,A,Alternative
Formula,Labrinth,1,2019,10,3444,7,554875730,24,85,102,0,145,B,Films/Games
Excuses,"Intense, AP Dhillon, Gurinder Gill",3,2020,7,272,4,327498031,7,21,2,0,95,F,Alternative
Cigarettes,Juice WRLD,1,2021,12,975,0,185408548,11,0,10,0,160,D,Rap/Hip Hop
Forgot About Dre,"Eminem, Dr. Dre",2,1999,1,19067,0,675039469,78,15,1674,0,134,G#,Rap/Hip Hop
Down Under (feat. Colin Hay),"Luude, Colin Hay",2,2021,11,3541,2,252871192,57,13,50,1,172,B,Electro
Mujeriego,Ryan Castro,1,2021,12,1492,0,231996128,44,63,91,0,80,A,Rap/Hip Hop
HUMBLE.,Kendrick Lamar,1,2017,3,33206,1,1929770265,284,114,1481,0,150,C#,Rap/Hip Hop
Stan,"Eminem, Dido",2,1999,11,17115,0,918915401,83,63,4180,0,80,F#,Rap/Hip Hop
Contection,"GODZZ__-, Zakaria",2,2020,1,6955,0,1180896317,65,45,398,0,166,A#,Pop
Swim,Chase Atlantic,1,2017,10,2742,0,498960285,5,1,62,0,120,G#,Alternative
Numb Little Bug,Em Beihold,1,2022,1,2026,0,258714692,47,3,42,12,85,G#,Pop
212,"Mainstreet, Chefin",2,2022,1,352,0,143139338,10,0,39,0,154,D,Rap/Hip Hop
Problemï¿½,"Alvaro Diaz, Rauw Alejandro",2,2021,10,1517,0,209768491,42,7,15,0,92,D,Rap/Hip Hop
Bussin,"Nicki Minaj, Lil Baby",2,2022,2,847,0,64714573,25,0,14,0,140,B,Rap/Hip Hop
Worst Day,Future,1,2022,2,910,0,50746620,20,3,24,0,89,C#,Rap/Hip Hop
Malvada,Zï¿½ï¿½ Fe,1,2022,1,601,0,154119539,28,73,64,0,135,F,Brazilian Music
Hrs and Hrs,Muni Long,1,2021,11,1800,0,181328253,43,36,46,13,140,G#,R&B
Alien Blues,Vundabar,1,2015,7,1930,0,370068639,3,0,28,0,82,D#,Pop
Thinking Out Loud,Ed Sheeran,1,2014,1,33032,0,2280566092,363,129,3895,0,79,D,Pop
Still Don't Know My Name,Labrinth,1,2019,10,6332,0,563902868,47,116,266,0,88,F,Films/Games
Christmas Tree,V,1,2021,12,509,9,317622165,8,106,6,0,139,F,Asian Music
When I R.I.P.,Labrinth,1,2019,10,2578,0,203680270,8,67,66,0,80,G#,Films/Games
Do We Have A Problem?,"Nicki Minaj, Lil Baby",2,2022,2,1064,0,81350745,42,1,26,0,120,C#,Rap/Hip Hop
Forever,Labrinth,1,2019,10,3618,0,282883169,21,86,138,0,80,E,Films/Games
NEW MAGIC WAND,"Tyler, The Creator",2,2019,5,4708,0,461437791,13,7,55,0,140,F,Rap/Hip Hop
Adore You,Harry Styles,1,2019,12,13454,1,1439191367,246,71,519,2,99,G#,Pop
La Santa,"Daddy Yankee, Bad Bunny",2,2020,2,4890,20,759208783,52,42,100,0,93,C#,Reggaeton
Something In The Way - Remastered 2021,Nirvana,1,1991,9,9514,0,368646862,45,27,1197,0,106,G#,Rock
Sweetest Pie,"Dua Lipa, Megan Thee Stallion",2,2022,3,3501,0,299634472,69,2,51,11,124,G,Rap/Hip Hop
Bam Bam (feat. Ed Sheeran),"Camila Cabello, Ed Sheeran",2,2022,3,6111,4,756907987,185,40,492,9,95,G#,Pop
Una Noche en Medellï¿½,Cris Mj,1,2022,1,5415,32,682475162,46,16,53,1,96,A#,Latin Music
Envolver,Anitta,1,2021,11,4673,2,546191065,123,113,180,1,92,E,Pop
Starlight,Dave,1,2022,3,1856,3,229473310,29,40,31,1,124,G,Rap/Hip Hop
Hati-Hati di Jalan,Tulus,1,2022,3,200,2,202677468,12,4,0,0,72,F#,Pop
"Residente: Bzrp Music Sessions, Vol. 49","Residente, Bizarrap",2,2022,3,461,0,94616487,7,11,13,0,71,C#,Rap/Hip Hop
Jordan,Ryan Castro,1,2021,4,2844,2,394030335,29,2,35,1,180,A#,Rap/Hip Hop
Nail Tech,Jack Harlow,1,2022,2,2939,0,193443895,42,0,24,0,150,E,Rap/Hip Hop
Chale,Eden Muï¿½ï,1,2022,2,695,11,299648208,16,41,13,1,189,G#,Latin Music
Ya No Somos Ni Seremos,Christian Nodal,1,2022,2,866,16,319757142,27,84,32,7,140,G,Banda/Grupero
Freaky Deaky,"Tyga, Doja Cat",2,2022,2,1729,0,153240879,26,1,19,0,104,D,Rap/Hip Hop
this is what falling in love feels like,JVKE,1,2021,9,2005,0,346127840,16,5,43,0,129,B,Pop
La Zona,Bad Bunny,1,2020,2,1188,0,312622938,13,1,15,0,94,C#,Reggaeton
Hope,XXXTENTACION,1,2018,3,3659,0,1200808494,11,10,267,0,146,A,Pop
Levitating,Dua Lipa,1,2020,3,9833,0,797196073,233,82,531,1,103,F#,Pop
Wake Me Up - Radio Edit,Avicii,1,2013,1,50887,34,1970673297,315,160,6284,1,124,D,Electro
"jealousy, jealousy",Olivia Rodrigo,1,2021,5,3257,0,665765558,10,0,70,0,164,A#,Pop
Demasiadas Mujeres,C. Tangana,1,2020,10,2226,0,339473453,36,2,11,0,126,A,Rap/Hip Hop
Something Just Like This,"The Chainsmokers, Coldplay",2,2017,2,23375,21,2204080728,336,188,2692,3,103,B,Alternative
Closer,"The Chainsmokers, Halsey",2,2016,5,28032,0,2591224264,315,159,2179,0,95,G#,Electro
O.O,NMIXX,1,2022,2,290,0,135444283,9,66,10,0,200,B,Asian Music
Tom's Diner,"AnnenMayKantereit, Giant Rooks",2,2019,6,2605,0,236872197,15,48,50,0,98,F#,Rock
First Class,Jack Harlow,1,2022,4,8737,0,694525298,163,32,137,15,107,G#,Rap/Hip Hop
Fuera del mercado,Danny Ocean,1,2022,2,2499,21,421365166,68,24,43,1,92,G#,Pop
When You're Gone,Shawn Mendes,1,2022,3,2092,0,255120451,75,11,44,0,147,F,Pop
In My Head,Lil Tjay,1,2022,4,1185,0,190981339,21,0,31,0,143,C#,Rap/Hip Hop
Wait a Minute!,Willow,1,2015,1,11985,0,924193303,79,80,250,3,101,D#,Alternative
LOVE DIVE,IVE,1,2022,4,753,8,305771063,28,124,13,0,118,C#,Asian Music
Pantysito,"Feid, Alejo, Robi",3,2022,3,2995,0,273005485,49,17,30,0,98,G,Rap/Hip Hop
Chance,Paulo Londra,1,2022,4,225,0,89566512,11,0,7,0,138,C#,Dance
Cool for the Summer,Demi Lovato,1,2015,1,9243,0,677389855,155,5,577,0,114,F,Pop
psychofreak (feat. WILLOW),"Camila Cabello, Willow",2,2022,4,918,0,75476209,24,0,52,0,180,G,Pop
Angel Baby,Troye Sivan,1,2021,9,1959,9,408843328,52,25,32,0,145,B,Pop
Si Quieren Frontear,"De La Ghetto, Duki, Quevedo",3,2022,3,859,0,178512385,14,0,11,0,82,A#,Reggaeton
Right On,Lil Baby,1,2022,4,1116,0,101780047,31,9,15,0,166,D,Rap/Hip Hop
That's Hilarious,Charlie Puth,1,2022,4,686,2,146363130,11,6,12,0,108,F#,Pop
Soy El Unico,Yahritza Y Su Esencia,1,2022,3,226,0,126443991,5,0,4,0,84,E,Traditional Mexicano
sentaDONA (Remix) s2,"Luï¿½ï¿½sa Sonza, MC Frog, Dj Gabriel do Borel, Davi K",4,2022,3,870,0,176290831,32,0,49,0,135,D#,Pop
Falling,Harry Styles,1,2019,12,7556,0,1023187129,124,24,254,0,110,E,Pop
MANIAC,Stray Kids,1,2022,3,651,0,212234990,6,188,20,0,120,C#,Pop
There's Nothing Holdin' Me Back,Shawn Mendes,1,2016,9,12382,0,1714490998,229,57,1370,2,122,D,Pop
Golden,Harry Styles,1,2019,12,8429,1,807015863,85,24,200,0,140,E,Pop
Get Lucky - Radio Edit,"Pharrell Williams, Nile Rodgers, Daft Punk",3,2013,1,52898,0,933815613,203,1,8215,0,116,F#,Electro
Ain't Shit,Doja Cat,1,2021,6,3436,0,499710590,32,6,46,0,124,D#,Pop
"Nobody Like U - From ""Turning Red""","Jordan Fisher, Josh Levi, Finneas O'Connell, 4*TOWN (From Disney and Pixarï¿½ï¿½ï¿½s Turning Red), Topher Ngo, Grayson Vill",6,2022,2,918,0,120847157,34,39,30,0,105,A,Films/Games
Still Life,BIGBANG,1,2022,4,181,0,53909146,16,14,7,0,118,G#,Asian Music
Photograph,Ed Sheeran,1,2014,6,18778,3,2236667932,228,105,2453,0,108,E,Pop
Love Yourself,Justin Bieber,1,2015,11,22730,5,2123309722,289,87,2430,0,100,E,Pop
N95,Kendrick Lamar,1,2022,5,5542,0,301242089,52,16,65,0,140,D#,Rap/Hip Hop
About Damn Time,Lizzo,1,2022,4,9021,0,723894473,242,49,272,21,109,A#,Pop
Die Hard,"Kendrick Lamar, Blxst, Amanda Reifer",3,2022,5,4627,0,237351106,38,13,32,0,101,C#,Rap/Hip Hop
United In Grief,Kendrick Lamar,1,2022,5,2575,0,156898322,4,5,12,0,87,G#,Rap/Hip Hop
Rich Spirit,Kendrick Lamar,1,2022,5,3486,0,173702135,20,10,33,0,96,A#,Rap/Hip Hop
Me Fui de Vacaciones,Bad Bunny,1,2022,5,1443,0,305650299,9,11,22,1,85,A#,Latin Music
Silent Hill,"Kendrick Lamar, Kodak Black",2,2022,5,3028,0,123216717,22,0,23,0,140,C#,Rap/Hip Hop
La Corriente,"Tony Dize, Bad Bunny",2,2022,5,1796,8,479655659,8,25,18,1,196,B,Latin Music
Count Me Out,Kendrick Lamar,1,2022,5,2729,0,126191104,3,7,13,0,134,G,Rap/Hip Hop
Andrea,"Buscabulla, Bad Bunny",2,2022,5,1195,0,344055883,8,30,13,1,103,C#,Latin Music
Dos Mil 16,Bad Bunny,1,2022,5,892,3,338422004,10,24,11,0,130,C#,Latin Music
We Cry Together,"Kendrick Lamar, Taylour Paige",2,2022,5,1635,0,68895644,4,1,6,0,108,B,Rap/Hip Hop
Savior,"Kendrick Lamar, Sam Dew, Baby Keem",3,2022,5,2291,0,86176890,9,0,8,0,123,G#,Rock
Un Coco,Bad Bunny,1,2022,5,1029,28,403231558,5,28,9,0,152,B,Latin Music
Otro Atardecer,"Bad Bunny, The Marï¿½ï",2,2022,5,1681,7,319546754,10,30,13,0,108,D,Latin Music
Worldwide Steppers,Kendrick Lamar,1,2022,5,1480,0,61739839,1,0,5,0,72,A#,Rap/Hip Hop
Aguacero,Bad Bunny,1,2022,5,829,0,283359161,4,15,10,0,121,F#,Latin Music
Purple Hearts,"Kendrick Lamar, Ghostface Killah, Summer Walker",3,2022,5,2308,0,76831876,7,0,7,0,138,D#,Films/Games
Un Verano Sin Ti,Bad Bunny,1,2022,5,1004,1,283332261,8,12,9,0,188,F,Latin Music
ULTRA SOLO,"Polima WestCoast, Pailita",2,2022,2,1367,0,307752576,48,4,34,1,110,C#,Pop
Callaita,"Bad Bunny, Tainy",2,2019,5,9539,15,1304313953,162,116,355,7,176,D,Reggaeton
Dua Lipa,Jack Harlow,1,2022,5,1992,0,150500965,35,0,3,0,158,B,Pop
Agosto,Bad Bunny,1,2022,5,897,0,246127838,6,20,8,0,115,C#,Latin Music
House Of Memories,Panic! At The Disco,1,2016,1,2948,0,582863434,10,2,150,0,110,B,Alternative
Mr. Morale,"Kendrick Lamar, Tanna Leone",2,2022,5,1860,0,58687425,1,0,3,0,174,A,Rap/Hip Hop
That That (prod. & feat. SUGA of BTS),"PSY, Suga",2,2022,4,802,0,212109195,16,81,23,0,130,E,Asian Music
In The Stars,Benson Boone,1,2022,4,2224,8,382199619,48,40,87,1,78,A#,Pop
Rich - Interlude,Kendrick Lamar,1,2022,5,1103,0,41210087,0,0,0,0,104,G,Rap/Hip Hop
SUPERMODEL,Mï¿½ï¿½ne,1,2022,5,2265,0,231657891,93,12,173,11,121,G,Pop
Stefania (Kalush Orchestra),KALUSH,1,2022,3,555,0,53729194,10,4,4,0,105,D,Rap/Hip Hop
Thousand Miles,The Kid Laroi,1,2022,4,2050,0,244741137,52,9,46,0,81,G,Rap/Hip Hop
Crown,Kendrick Lamar,1,2022,5,1493,0,42485571,2,0,10,0,170,C#,Asian Music
Auntie Diaries,Kendrick Lamar,1,2022,5,1545,0,37778188,1,0,4,0,78,G,Rap/Hip Hop
PUFFIN ON ZOOTIEZ,Future,1,2022,4,2350,0,254218729,28,42,23,0,125,G#,Rap/Hip Hop
Mirror,Kendrick Lamar,1,2022,5,1929,0,53603447,2,0,4,0,92,E,Rap/Hip Hop
Beautiful Girl,Luciano,1,2022,4,710,4,160035717,16,11,18,0,140,B,Latin Music
Savior - Interlude,Kendrick Lamar,1,2022,5,1194,0,37091576,0,0,3,0,118,F,Rap/Hip Hop
Pasoori,"Shae Gill, Ali Sethi",2,2022,2,349,6,284249832,10,22,3,0,92,B,Pop
Where Did You Go?,"MNEK, Jax Jones",2,2022,1,4531,0,300983101,135,74,119,1,127,A#,Dance
I Tried to Tell Y'all,"Ugly Dray, Tesla Jnr",2,2022,5,1657,0,121077868,15,3,3,0,96,B,Rap/Hip Hop
ZOOM,Jessi,1,2022,4,608,0,136996305,5,29,14,0,100,F#,Asian Music
SloMo,Chanel,1,2021,12,1211,0,65719930,31,0,19,0,105,C#,Pop
FEARLESS,LE SSERAFIM,1,2022,5,629,0,229497852,18,75,9,0,104,G,Asian Music
10 Things I Hate About You,Leah Kate,1,2022,3,1301,0,185550869,23,1,15,0,154,G#,Pop
SPACE MAN,Sam Ryder,1,2022,2,1329,0,54682594,42,51,32,0,80,B,Alternative
With you,"HA SUNG WOON, Jimin",2,2022,4,343,2,240580042,4,35,11,1,150,D#,Electro
Iris,The Goo Goo Dolls,1,1998,3,13101,9,1284942608,137,5,582,0,156,B,Pop
The Heart Part 5,Kendrick Lamar,1,2022,5,2939,0,71423324,29,0,30,0,98,G#,Rap/Hip Hop
San Lucas,Kevin Kaarl,1,2019,11,407,1,244891912,5,0,5,0,92,G,Folk
Good Looking,Suki Waterhouse,1,2017,10,2264,0,184706613,11,6,25,0,150,E,Alternative
Flowers,Lauren Spencer Smith,1,2021,8,801,0,184826429,42,9,24,1,138,D#,Pop
Yet To Come,BTS,1,2022,6,829,0,302006641,32,110,26,0,172,C#,Pop
Run BTS,BTS,1,2022,6,736,0,330881149,5,132,17,0,77,G#,Asian Music
Music For a Sushi Restaurant,Harry Styles,1,2022,5,4449,1,334733572,80,11,66,0,107,B,Pop
Matilda,Harry Styles,1,2022,5,3218,3,366214458,29,10,79,0,114,D,Pop
For Youth,BTS,1,2022,6,327,0,114546317,5,40,12,0,117,D,Asian Music
Vegas (From the Original Motion Picture Soundtrack ELVIS),Doja Cat,1,2022,5,4576,0,448500832,79,13,93,0,160,G#,Pop
Cash In Cash Out,"Pharrell Williams, Tyler, The Creator, 21 Savage",4,2022,6,2313,0,136676504,34,0,29,0,120,G,Rap/Hip Hop
Born Singer,BTS,1,2022,6,279,0,79095270,0,18,6,0,158,G#,Asian Music
Little Freak,Harry Styles,1,2022,5,2302,0,273194684,20,3,39,0,142,D#,Pop
True Love,"Kanye West, XXXTENTACION",2,2022,5,2129,0,194902696,23,1,44,1,84,F,Rap/Hip Hop
Pass The Dutchie,Musical Youth,1,1982,1,5328,0,195918494,54,76,900,0,151,G,Pop
"Villano Antillano: Bzrp Music Sessions, Vol. 51","Bizarrap, Villano Antillano",2,2022,6,1401,0,248511839,26,16,17,0,128,C#,Electro
Love Of My Life,Harry Styles,1,2022,5,1933,0,233671263,13,2,31,0,118,G,Pop
Grapejuice,Harry Styles,1,2022,5,1986,0,199587884,7,1,15,0,183,F,Pop
So Good,Halsey,1,2022,6,1057,0,91781263,51,14,19,0,83,D#,Alternative
Belly Dancer,"BYOR, Imanbek",2,2022,2,5115,13,383835984,109,38,301,1,122,C#,Dance
Keep Driving,Harry Styles,1,2022,5,2094,1,236060709,8,1,18,0,165,A,Pop
Cinema,Harry Styles,1,2022,5,2171,0,189236868,18,1,28,0,106,A,Pop
Die Young (feat. 347aidan),"Sleepy hallow, 347aidan",2,2022,5,896,0,160845341,19,0,15,0,77,B,Rap/Hip Hop
Only Love Can Hurt Like This,Paloma Faith,1,2014,1,5148,0,588955257,90,22,365,0,91,G#,Pop
Hold My Hand,Lady Gaga,1,2022,5,2528,0,238350348,63,8,270,2,148,G,Pop
Daydreaming,Harry Styles,1,2022,5,1900,1,187703102,15,1,23,0,114,E,Pop
Me and Your Mama,Childish Gambino,1,2016,11,8775,0,445590495,33,60,107,1,118,F,R&B
Crazy What Love Can Do,"David Guetta, Ella Henderson, Becky Hill",3,2022,3,5290,0,286739476,139,73,142,0,123,E,Dance
SLOW DANCING IN THE DARK,Joji,1,2018,9,10211,0,1122364376,38,79,65,0,89,D#,R&B
Antes de Perderte,Duki,1,2022,6,584,8,157136970,12,1,8,0,110,F,Reggaeton
295,Sidhu Moose Wala,1,2021,5,246,4,183273246,4,106,0,0,90,B,Indian Music
En El Radio Un Cochinero,Victor Cibrian,1,2022,5,514,0,164856284,5,36,1,0,154,F#,Traditional Mexicano
Master of Puppets (Remastered),Metallica,1,1986,3,6080,0,704171068,112,198,406,1,105,E,Rock
BREAK MY SOUL,Beyoncï¿,1,2022,6,9724,0,354614964,222,61,259,14,115,C#,Pop
ULTRA SOLO REMIX,"De La Ghetto, Feid, Polima WestCoast, Paloma Mami, Pailita",5,2022,6,2341,0,279717388,37,2,38,2,110,C#,Pop
Massive,Drake,1,2022,6,5263,0,195628667,66,89,61,0,125,E,Dance
Betty (Get Money),Yung Gravy,1,2022,6,2402,0,221752937,45,2,26,0,102,C#,Rap/Hip Hop
Ojos Marrones,Lasso,1,2022,2,795,11,263280370,26,18,15,1,120,G#,Pop
POP!,Nayeon,1,2022,6,571,0,213505179,19,21,14,0,97,D,Asian Music
MORE,j-hope,1,2022,7,565,0,155795783,6,52,11,0,97,D,Pop
Sweet Child O' Mine,Guns N' Roses,1,1987,1,41231,1,1553497987,228,151,6720,3,125,F#,Rock
Sticky,Drake,1,2022,6,2814,0,191448892,38,105,25,0,137,A#,Dance
Ai Preto,"L7nnon, DJ Biel do Furduncinho, Bianca",3,2022,6,894,4,176103902,28,0,54,0,130,F#,Brazilian Music
La Loto,"Anitta, Tini, Becky G",3,2022,7,945,0,121189256,49,3,57,0,90,C#,Pop
die first,Nessa Barrett,1,2022,6,767,0,131746175,25,0,22,0,183,G#,Pop
Afraid To Feel,LF System,1,2022,5,5898,5,244790012,129,55,128,0,128,C#,Dance
Baile no Morro,"Mc Vitin Da Igrejinha, MC Tairon, DJ Win",3,2022,6,685,2,129314708,17,0,24,0,130,D#,Brazilian Music
STAYING ALIVE (feat. Drake & Lil Baby),"Drake, DJ Khaled, Lil Baby",3,2022,8,2107,0,170732845,51,1,50,0,130,E,Rap/Hip Hop
Si Te La Encuentras Por Ahï¿,Feid,1,2022,8,1379,4,179061440,23,10,18,0,172,G#,Rap/Hip Hop
GIVENCHY,Duki,1,2022,7,625,4,185236961,13,18,12,0,103,G#,Rap/Hip Hop
ALIEN SUPERSTAR,Beyoncï¿,1,2022,7,2688,0,171788484,39,47,36,0,122,A#,Pop
Mary On A Cross,Ghost,1,2019,9,2668,2,387080183,38,266,78,0,130,B,Metal
Attention,NewJeans,1,2022,8,799,12,264717480,14,141,9,0,105,A#,Rap/Hip Hop
THE SHADE,Rex Orange County,1,2022,3,1189,6,244928911,17,10,16,0,120,F,Alternative
"Come Back Home - From ""Purple Hearts""",Sofia Carson,1,2022,7,367,0,97610446,28,67,195,0,145,G,Films/Games
El Rescate,"Grupo Marca Registrada, Junior H",2,2022,7,527,4,287278853,10,43,3,1,99,G,Traditional Mexicano
Heartless,Kanye West,1,2008,1,17504,34,887906111,63,39,1315,0,88,A#,R&B
"Stay With Me (with Justin Timberlake, Halsey, & Pharrell)","Calvin Harris, Halsey, Pharrell Williams, Justin Timberlake",4,2022,7,3113,0,123473120,54,6,124,1,126,A,Pop
JGL,"Luis R Conriquez, La Adictiva",2,2022,2,782,9,323455692,15,33,6,1,113,G#,Traditional Mexicano
Don't You Worry,"David Guetta, Shakira, Black Eyed Peas",3,2022,6,2442,0,240918092,81,4,248,1,132,B,Dance
Pipoco,"Melody, Ana Castela, Dj Chris No Beat",3,2022,5,1112,4,191873381,22,2,65,1,135,G#,Brazilian Music
Forget Me,Lewis Capaldi,1,2022,9,2520,4,239411309,93,95,84,9,102,C#,Alternative
Bound 2,Kanye West,1,2013,1,19806,7,703301727,33,11,274,0,149,C#,Rap/Hip Hop
Talk that Talk,TWICE,1,2022,8,615,0,189476119,14,77,15,1,120,D#,Pop
BILLIE EILISH.,Armani White,1,2022,1,2537,0,277132266,49,1,67,11,100,C#,Rap/Hip Hop
Ferxxo 100,Feid,1,2022,6,1647,30,278920007,20,49,23,2,164,G#,Rap/Hip Hop
KU LO SA - A COLORS SHOW,Oxlade,1,2022,6,2019,8,222410722,117,72,107,1,93,A#,African Music
Prohibidox,Feid,1,2022,9,1473,12,185392587,25,36,25,1,180,C#,Rap/Hip Hop
Static,Steve Lacy,1,2022,7,1613,0,202452860,21,15,13,0,79,C#,R&B
The Scientist,Coldplay,1,2002,8,30992,6,1608164312,124,25,7827,1,146,F,Rock
Sparks,Coldplay,1,2000,7,10826,4,624101957,24,0,805,0,103,C#,Rock
Talk,YEAT,1,2022,9,920,0,148461629,10,1,8,0,140,E,Alternative
XQ Te Pones Asï¿,"Yandel, Feid",2,2022,9,308,0,47093942,6,1,6,0,92,A#,Rap/Hip Hop
Selfish,PnB Rock,1,2016,6,2468,0,380319238,15,0,0,0,102,C#,Pop
Sin Seï¿½ï,"Ovy On The Drums, Quevedo",2,2022,7,1097,2,209106362,18,10,13,1,118,B,Classical
Lady Mi Amor,Feid,1,2022,9,330,0,53987404,3,0,2,0,93,D,Rap/Hip Hop
Poland,Lil Yachty,1,2022,6,1584,0,115331792,38,0,24,0,150,F,Rap/Hip Hop
THE LONELIEST,Mï¿½ï¿½ne,1,2022,10,1585,5,225093344,78,65,328,1,130,D,Rock
Bye Bye,"Marshmello, Juice WRLD",2,2022,10,766,0,84697729,16,0,9,0,83,D#,Rap/Hip Hop
BABY OTAKU,"Fran C, Polima WestCoast, Nickoog Clk, Pablito Pesadilla",4,2022,8,836,0,159240673,14,1,13,0,102,A,Reggaeton
Nxde,(G)I-DLE,1,2022,10,430,6,170709584,14,116,9,0,136,E,Asian Music
Miss You,Southstar,1,1982,5,2020,0,154356956,77,10,119,0,145,A,Dance
we fell in love in october,girl in red,1,2018,11,6858,0,723043854,31,21,15,0,130,G,Alternative
2 Be Loved (Am I Ready),Lizzo,1,2022,7,3682,6,247689123,41,0,158,2,156,G,Pop
Celestial,Ed Sheeran,1,2022,9,1639,0,176474912,86,14,80,0,123,D,Pop
Typa Girl,BLACKPINK,1,2022,9,452,10,235549288,2,129,13,0,132,G,Pop
California Breeze,Lil Baby,1,2022,10,991,0,85559365,36,38,13,0,162,F,Rap/Hip Hop
Casei Com a Putaria,"MC Ryan SP, Love Funk, Mc Paiva ZS",3,2022,7,648,4,187701588,0,0,30,0,161,A#,Brazilian Music
Major Distribution,"Drake, 21 Savage",2,2022,11,1545,0,154863153,22,7,15,0,131,G#,Rap/Hip Hop
Vigilante Shit,Taylor Swift,1,2022,10,1948,0,253650850,12,9,16,0,80,E,Pop
Question...?,Taylor Swift,1,2022,10,1608,0,223064273,10,3,12,0,109,G,Pop
On BS,"Drake, 21 Savage",2,2022,11,1338,0,170413877,9,20,7,0,158,A,Rap/Hip Hop
Mastermind,Taylor Swift,1,2022,10,1936,0,218320587,7,5,13,0,126,E,Pop
Circo Loco,"Drake, 21 Savage",2,2022,11,1794,0,141720999,26,9,17,0,104,C#,Rap/Hip Hop
Spin Bout U,"Drake, 21 Savage",2,2022,11,1652,2,198365537,26,52,10,0,130,G,Rap/Hip Hop
"Would've, Could've, Should've",Taylor Swift,1,2022,10,1715,0,177503916,4,5,8,0,158,G,Pop
Con La Brisa,"Ludwig Goransson, Foudeqush",2,2022,11,486,0,71095708,8,1,7,0,114,D,Films/Games
Privileged Rappers,"Drake, 21 Savage",2,2022,11,1007,0,112436403,6,5,3,0,144,F,Rap/Hip Hop
The Astronaut,Jin,1,2022,10,481,9,203436468,10,100,15,1,125,F,Asian Music
BackOutsideBoyz,Drake,1,2022,11,1045,0,93367537,8,5,2,0,142,F,Rap/Hip Hop
Broke Boys,"Drake, 21 Savage",2,2022,11,1060,0,106249219,3,8,5,0,120,D,Rap/Hip Hop
The Great War,Taylor Swift,1,2022,10,1274,0,181382590,1,6,11,0,96,F,Pop
My Mind & Me,Selena Gomez,1,2022,11,953,0,91473363,61,13,37,1,144,A,Pop
Bigger Than The Whole Sky,Taylor Swift,1,2022,10,1180,0,121871870,4,0,8,0,166,F#,Pop
A Veces (feat. Feid),"Feid, Paulo Londra",2,2022,11,573,0,73513683,2,0,7,0,92,C#,Pop
En La De Ella,"Feid, Sech, Jhayco",3,2022,10,1320,0,133895612,29,26,17,0,97,C#,Rap/Hip Hop
Alone,Burna Boy,1,2022,11,782,2,96007391,27,18,32,1,90,E,Films/Games
